unknownSpec	Q8XS39_m2	DVWHLSLIDK
unknownSpec	Q65E02_m1	DILQLGLIWK
unknownSpec	Q7N2F0_m1	DVESMGGVTK
unknownSpec	Q5YV27_m4	DALFLGVIVK
unknownSpec	Q5B7I5_m1	DLYSAVAVVK
unknownSpec	Q4ZT67_m5	DFWNIGMVHK
unknownSpec	Q70KJ6_m3	DAWFLGNVVK
unknownSpec	Q52US9_m1	DPMMWMAINK
unknownSpec	Q7NUA0_m3	DALWMGCTFK
unknownSpec	Q4ZV34_m2	DAEGIGAVMK
unknownSpec	Q5D6D4_m1	DTEHVGVVTK
unknownSpec	Q7N850_m1	DALVLAVAIK
unknownSpec	Q4ZV21_m1	DLTKIGHVGK
unknownSpec	Q799M0_m1	DAFFYGITFK
unknownSpec	Q5DIS7_m1	DVWHVSLIDK
unknownSpec	Q50EC8_m1	DLGKTGVINK
unknownSpec	Q4ZT67_m1	DALWIGGTFK
unknownSpec	Q5DIS9_m2	DGEVCGGVTK
unknownSpec	Q881Q4_m2	DAWFLGNVVK
unknownSpec	Q9UVN5_m3	DIFICACCLK
unknownSpec	Q88F56_m1	DVWHFGRINK
unknownSpec	Q847C3_m1	DPRHSGVVGK
unknownSpec	Q8G983_m1	DVWHISLIDK
unknownSpec	Q8U9P4_m1	DLFNNALTYK
unknownSpec	Q73XY1_m1	DIMHPGLVHK
unknownSpec	Q81DB7_m1	DVWQFGFIYK
unknownSpec	Q7NUA1_m1	DFWNVGMVHK
unknownSpec	Q8G8C7_m2	DFWNVGMVHK
unknownSpec	Q7N3P5_m1	DAWCIGAVCK
unknownSpec	Q7DAG9_m2	DAWTVAAICK
unknownSpec	Q5MBT9_m1	DGGALGACAK
unknownSpec	Q5YPH6_m5	DLWCLILVSK
unknownSpec	Q6YK39_m2	DFWNIGMVHK
unknownSpec	Q884F8_m2	DAEGIGAVMK
unknownSpec	Q8YTR9_m2	DLFNNALTYK
unknownSpec	Q9K5M1_m2	DVENAGVVTK
unknownSpec	Q87WM7_m3	DVWHFSLIDK
unknownSpec	Q7UQ60_m1	DAGVWGCVEK
unknownSpec	Q5AUZ6_m5	DVAFTGSIWK
unknownSpec	Q63L18_m1	DLYDFSLIWK
unknownSpec	Q7N239_m2	DAWCIGAVCK
unknownSpec	Q8FGB9_m1	DVWHFSLIDK
unknownSpec	Q70C52_m1	AIKYFSIDMK
unknownSpec	Q884E6_m1	DGEDHGTVVK
unknownSpec	Q50JA3_m2	DAWLIGAIYK
unknownSpec	Q5AR54_m1	GMIIVAAGIK
unknownSpec	Q70JX5_m1	DAFFYGITFK
unknownSpec	Q5YPH7_m1	DVWHVSTVDK
unknownSpec	Q65NK5_m2	DAFMLGMVFK
unknownSpec	Q529N3_m4	DAWAHGGAAK
unknownSpec	Q7N3P5_m11	DAFWIGGTFK
unknownSpec	Q10896_m1	DIEDVGSVVK
unknownSpec	Q5J1Q6_m2	DIWHLGAISK
unknownSpec	Q4ZT75_m1	DVWHLSLIDK
unknownSpec	Q81DB4_m2	DAQDLGVVDK
unknownSpec	Q7A813_m1	DAFWLGGTFK
unknownSpec	Q4ZTA6_m5	DAWFLGNVVK
unknownSpec	Q84BC8_m1	DASTVAAVCK
unknownSpec	Q5Z1X6_m3	DAFVIAAIMK
unknownSpec	Q93H58_m3	DLPKVAEVGK
unknownSpec	Q5D6D5_m3	DAILVGAVVK
unknownSpec	O31827_m1	DAFFYGITFK
unknownSpec	Q5YVZ9_m1	DAETVGEVTK
unknownSpec	Q4ZT69_m1	DFWNIGMVHK
unknownSpec	Q62C88_m2	DVGWIAGIVK
unknownSpec	P14688_m4	DGAYTGEVVK
unknownSpec	Q7N1E3_m1	DSPLIAEVWK
unknownSpec	Q6ZZJ5_m1	DAYNLGTLCK
unknownSpec	Q7N848_m1	DALVLAVSIK
unknownSpec	Q7N3P5_m8	DFWNIGMVHK
unknownSpec	Q70JZ9_m2	DLTKIGEVGK
unknownSpec	Q5Z1S8_m1	DAYNTGLIHK
unknownSpec	Q6YK40_m3	DVQFIAHVVK
unknownSpec	Q6ZX13_m1	DMSSVGGFCK
unknownSpec	O69826_m1	DLFNLSLIWK
unknownSpec	Q7N5R3_m1	DLGDVGSIDK
unknownSpec	Q51XM7_m1	DVTTIGIRIK
unknownSpec	Q83Y48_m1	DVSETGVCEK
unknownSpec	Q8DTJ5_m1	DAWFLGNVVK
unknownSpec	Q62AR2_m1	DSKDLGVVDK
unknownSpec	Q70C47_m4	AVKYVANNDK
unknownSpec	Q70LM4_m3	DVSSEGCVGK
unknownSpec	Q6GKC7_m1	DAFWLGGTFK
unknownSpec	Q5YPK6_m10	DVWYLILVSK
unknownSpec	Q7WRQ4_m2	DARHVGIFVK
unknownSpec	Q63U38_m3	DVWHVSLIDK
unknownSpec	Q9Z399_m1	DLYNMSMIWK
unknownSpec	Q5Z0U1_m2	DAFVAALIWK
unknownSpec	Q9KIZ9_m1	DLYNLSLIWK
unknownSpec	Q4ZT75_m8	DMKDLGMVDK
unknownSpec	Q9AMR5_m2	DVWHLSLIDK
unknownSpec	Q9FB27_m2	DSALIAEVWK
unknownSpec	Q6ZX14_m1	DMAQLGGINK
unknownSpec	Q529N3_m1	DVSNLSTFK-
unknownSpec	Q63CQ6_m2	DGWVSACVCK
unknownSpec	Q5Z1T0_m1	DALHPGHVCK
unknownSpec	Q8YTR5_m1	DVWHISLIDK
unknownSpec	Q738J2_m1	DILQLGLIWK
unknownSpec	Q5ATG8_m1	DMVICGCAAK
unknownSpec	Q7N3P5_m3	DAWCIGAVCK
unknownSpec	Q6ZZJ4_m2	DALHLGLLCK
unknownSpec	Q6D738_m3	DVWHISLIDK
unknownSpec	Q9ZET7_m1	DAWTAVAICK
unknownSpec	Q70JX2_m2	DFWNIGMVHK
unknownSpec	Q5DIV9_m1	DFWNIGMVHK
unknownSpec	Q88Z03_m5	DITQMGIVWK
unknownSpec	Q7N2F7_m3	DVEFIGAVTK
unknownSpec	Q5YV27_m2	DALFIGMVAK
unknownSpec	Q6D739_m3	DVWHISLIDK
unknownSpec	Q6HXY8_m1	DILELAIICK
unknownSpec	Q8G8C7_m4	DGEACGGVTK
unknownSpec	Q9I179_m4	DGEVCGGVTK
unknownSpec	Q9AIT3_m1	GLFAVGHAL-
unknownSpec	Q8G8A6_m2	DGEVCGGVTK
unknownSpec	Q8CQA8_m2	DATSIGAVIK
unknownSpec	Q4ZT75_m7	DFWNVGMVHK
unknownSpec	Q88F79_m2	DVWHVSLIDK
unknownSpec	Q70KJ7_m2	DAFMMGMVFK
unknownSpec	Q5BA09_m1	EPRNIVEFVK
unknownSpec	Q63UA4_m4	DAETSGIIGK
unknownSpec	Q6XA09_m4	DVGFVGGVFK
unknownSpec	Q6WZB2_m2	DVRHMSMVEK
unknownSpec	Q9F0D7_m1	DGWTVVAVSK
unknownSpec	Q9K5M1_m4	DASTIAAVCK
unknownSpec	Q4ZT67_m3	DLYNNALTYK
unknownSpec	Q5DIP3_m2	DGEVCGGVTK
unknownSpec	O94116_m2	DVFSVAGNIK
unknownSpec	Q4ZVS0_m1	DAFWLGCVFK
unknownSpec	Q73TH8_m1	DMWGTGQLGK
unknownSpec	Q6WZB2_m1	DVYHFSLVDK
unknownSpec	Q70LM5_m5	DVSAIGCVTK
unknownSpec	O85019_m1	DINYWGGIGK
unknownSpec	Q6YK40_m2	DLTKIGEVGK
unknownSpec	Q5HKK6_m2	DATSIGAVIK
unknownSpec	Q5YPH7_m3	DVPHLSLVEK
unknownSpec	Q5YPH6_m3	DVWHFSLVDK
unknownSpec	Q70K00_m2	DFWNIGMVHK
unknownSpec	Q84BC7_m2	DVWHISLIDK
unknownSpec	Q63SU2_m2	DVWEINADDK
unknownSpec	Q4ZT68_m5	DLYNNALTYK
unknownSpec	Q5YPH7_m4	DVWEHGAISK
unknownSpec	Q63JT2_m4	DILQLGLVWK
unknownSpec	Q9UVN5_m1	DIFSIGGIGK
unknownSpec	Q5DIU0_m2	DIWELTADDK
unknownSpec	Q8YWC0_m1	DAFWLGGTFK
unknownSpec	Q63JT1_m3	DAWFLGNVVK
unknownSpec	Q5DIV7_m4	DGEVCGGVTK
unknownSpec	Q51QV4_m1	ATVIVGGGMK
unknownSpec	Q9S1A8_m2	DARHVGIFVK
unknownSpec	Q88F78_m1	DLTKIGHVGK
unknownSpec	Q5DIS8_m1	DAWQCGLIDK
unknownSpec	Q8RTG5_m2	DLFNNALTYK
unknownSpec	Q01135_m4	DVGYSGIIWK
unknownSpec	Q529N3_m3	DVINVSWVLK
unknownSpec	Q87W61_m3	DLKNVGSDVK
unknownSpec	Q8KSQ1_m2	DVWNIAMVHK
unknownSpec	Q740V0_m3	DFWSIGMVHK
unknownSpec	Q5Z1X7_m2	DLWHLILVSK
unknownSpec	Q8U9P3_m1	DILQLGLIWK
unknownSpec	Q74QP0_m1	DLYNLSLIWK
unknownSpec	Q50E74_m4	DFWSVGMVHK
unknownSpec	Q5HJJ4_m2	DAMSIGAVIK
unknownSpec	Q70LM5_m4	DAWFLGQVVK
unknownSpec	Q9FB33_m2	DPENLGLVDK
unknownSpec	Q4ZV19_m1	DLTKIGHVGK
unknownSpec	Q5DIV8_m1	DGEDHGTVVK
unknownSpec	Q5YPK6_m2	DAWSFGLVNK
unknownSpec	Q9L6D0_m2	DAEGIGAVMK
unknownSpec	Q884E5_m1	DLTKIGHVGK
unknownSpec	Q5DIP4_m3	DVWHVSLIDK
unknownSpec	Q93H59_m2	DLPKVAEVGK
unknownSpec	Q9I157_m2	DAEGIGAVMK
unknownSpec	Q50JA2_m1	DVMFIGIVAK
unknownSpec	Q88F77_m2	DGEDHGTVTK
unknownSpec	O43103_m1	DLMLIGLLIK
unknownSpec	Q6XA09_m2	DAIAFVGAVK
unknownSpec	P14688_m2	DAFWIGGTFK
unknownSpec	Q4ZTA7_m3	DAWQVGVVDK
unknownSpec	Q87W61_m4	DVWHISLIDK
unknownSpec	Q62AR2_m3	DAFFIGATFK
unknownSpec	Q7D788_m1	DMLNAGLVHK
unknownSpec	Q4ZTA7_m1	DAWFLGNVVK
unknownSpec	Q63U38_m1	DVETLGGISK
unknownSpec	Q643C7_m3	DGWTGAILSK
unknownSpec	Q8PKR7_m2	DALWIGGTFK
unknownSpec	Q5J1Q7_m3	DIWHVGTIIK
unknownSpec	Q5YVZ9_m3	DAFVAALIWK
unknownSpec	Q70P97_m1	DLYNMSLVWK
unknownSpec	Q56PC8_m1	DLGFLAGLFK
unknownSpec	Q881Q3_m5	DAWFLGNVVK
unknownSpec	Q9I1H0_m1	DLYNNALTYK
unknownSpec	Q740D1_m4	DVWTVAGMCK
unknownSpec	Q63JT0_m2	DSKDLGVVDK
unknownSpec	Q7N1E2_m1	DILQIGMVWK
unknownSpec	O30915_m1	DFWSVGMVHK
unknownSpec	Q70LM4_m1	DVSSIGCVCK
unknownSpec	Q52Z73_m3	DVHTIGIISK
unknownSpec	Q9AG79_m1	DPCDLGGVDK
unknownSpec	Q7RY33_m1	DISYCRA--K
unknownSpec	Q529N3_m2	DVVCVAWVAK
unknownSpec	Q7N7D7_m1	DIWEITADDK
unknownSpec	Q5IK33_m1	DGWAVVAVSK
unknownSpec	Q7N5R5_m1	DFWNIGMVHK
unknownSpec	Q7N3P5_m12	DFWNIGMVHK
unknownSpec	Q4ZV22_m1	DGEDHGTVVK
unknownSpec	Q51XM7_m4	DVMFIGGISK
unknownSpec	Q6WZA7_m1	DAQDLAIVDK
unknownSpec	Q6RKJ5_m1	DALQWGSISK
unknownSpec	Q6ZZJ3_m1	DPYHGGTLCK
unknownSpec	Q63JT2_m2	DFWNIGMVHK
unknownSpec	Q7N3P5_m5	DASFIADVCK
unknownSpec	Q740D1_m2	DAGIVVGIWK
unknownSpec	Q70KJ7_m3	DAWFLGNVVK
unknownSpec	Q8G983_m2	DLFNNALSYK
unknownSpec	Q8KSQ0_m2	NTEDMGYVDK
unknownSpec	Q5YPK6_m1	DVWDFILVSK
unknownSpec	Q5IK34_m1	DAWTVAAVCK
unknownSpec	Q9EWP5_m1	DLWQLGLVHK
unknownSpec	Q63BJ5_m2	DFWNVGMVHK
unknownSpec	Q63BJ5_m1	DILQLGLIWK
unknownSpec	Q5D6D0_m1	IVFIVAIVCK
unknownSpec	Q65NK4_m3	DAWFLGNVVK
unknownSpec	Q4ZT69_m5	DLYNNALTYK
unknownSpec	Q8FGC5_m1	DLTKVGEVGK
unknownSpec	Q4ZT69_m3	DALWIGGTFK
unknownSpec	Q7N2F7_m2	DAFWIGATFK
unknownSpec	Q5DIU1_m1	DAWQCGLIDK
unknownSpec	Q70LM5_m2	DAFWLGGTFK
unknownSpec	Q4ZQ18_m4	DAWWLGGTFK
unknownSpec	Q8GGS2_m1	DVWHLGQIDK
unknownSpec	Q5XF88_m1	DVMFMAVMSK
unknownSpec	Q7N3P5_m14	DAFWIGGTFK
unknownSpec	Q5AR36_m1	DVLFFGGIAK
unknownSpec	Q6LGA3_m1	DAMIAGMVTK
unknownSpec	Q5MBT9_m2	DYNTYTAICK
unknownSpec	Q63CQ5_m1	DAILYGLVVK
unknownSpec	Q7NUA1_m2	DALWMGCTFK
unknownSpec	Q6RKK6_m1	DLDMASHVTK
unknownSpec	Q7Z8P4_m1	DPMMWMAINK
unknownSpec	Q5MD31_m1	---QLGMIWK
unknownSpec	Q8CUZ9_m2	DFWNVGMVHK
unknownSpec	Q5YPK6_m4	DVWHFSLVEK
unknownSpec	Q70JZ8_m1	DLTKIGEVGK
unknownSpec	Q8PKR8_m1	DATKVGEVGK
unknownSpec	Q5AUZ6_m2	DVGFTGCVYK
unknownSpec	O94116_m1	DVFELIMIHK
unknownSpec	Q84BC7_m4	DAWTIGGVCK
unknownSpec	Q50E74_m2	DLTKLGDVNK
unknownSpec	Q6D738_m2	DATKVGEVGK
unknownSpec	Q63LK7_m1	DILQLGLIWK
unknownSpec	Q50JA2_m4	DAWQCGLIDK
unknownSpec	Q84BC7_m3	DVQFIAHVAK
unknownSpec	Q87WM7_m1	DILQLGMIWK
unknownSpec	Q4ZVI2_m1	DAWVFGVVIK
unknownSpec	Q93H68_m1	DVWHFSLVDK
unknownSpec	Q70LM6_m3	DLYNNALTYK
unknownSpec	Q5YPH7_m8	DLWTLILVSK
unknownSpec	Q6D739_m1	DFWNIGMVHK
unknownSpec	Q8XYE7_m1	DLYNMSLIWK
unknownSpec	Q70KJ4_m1	DAFFLGCVFK
unknownSpec	Q50E73_m5	DILQVGMIWK
unknownSpec	Q4ZT75_m6	DAPIMGGTCK
unknownSpec	Q70JX3_m1	DAWHFGGVDK
unknownSpec	Q5DIP3_m3	DGEDHGTVTK
unknownSpec	Q83Z53_m1	DAWFLGNVVK
unknownSpec	Q5DIV7_m1	DVWHVSLIDK
unknownSpec	Q5YPK6_m7	DVWHFSLVDK
unknownSpec	Q88F77_m1	DLTKVGHVGK
unknownSpec	Q7TYQ7_m1	DVAHPGFINK
unknownSpec	Q4ZVI1_m2	DVQFIAHVVK
unknownSpec	Q5YPH7_m5	DVWHFSLVDK
unknownSpec	Q8DTJ7_m1	DALFIGGVFK
unknownSpec	Q8XS40_m3	DASTIAAVCK
unknownSpec	Q5J1Q6_m1	DVWHISLIDK
unknownSpec	Q4ZT67_m2	DLYNNALTYK
unknownSpec	Q5J1Q7_m1	DIWHVGAITK
unknownSpec	Q5DIS7_m3	DGEVCGGVTK
unknownSpec	Q8GGQ3_m1	DMGAMGCLFK
unknownSpec	P97961_m1	DIQMFVAI--
unknownSpec	Q5YVZ9_m5	DVWSLALVHK
unknownSpec	Q740V0_m1	DFWTVAAVCK
unknownSpec	Q89T13_m1	GLGTRATSQK
unknownSpec	Q51KE6_m1	DMVTGGMMIK
unknownSpec	Q845Y8_m1	DAWFLGNVVK
unknownSpec	Q8CQA8_m1	DAFWLGGTFK
unknownSpec	Q5D6D6_m1	DIAQVGVIWK
unknownSpec	Q5BFS3_m3	DPLSTGAIGK
unknownSpec	Q9F0D8_m1	DAWTVAAVCK
unknownSpec	Q9X579_m1	DAQDLGVVDK
unknownSpec	Q7N7D0_m1	DAFLLGVTLK
unknownSpec	Q5Z1X9_m1	DFMLVGVVIK
unknownSpec	Q5DIP4_m2	DFWNVGMVHK
unknownSpec	Q5D6D7_m1	DVFELIMIHK
unknownSpec	Q9L6D0_m3	DIWELTADDK
unknownSpec	Q52Z73_m1	DLFYVITTAK
unknownSpec	Q5Z1X6_m4	DLWHLILVSK
unknownSpec	Q62C03_m1	DFWNVGMVHK
unknownSpec	Q4ZT67_m9	DLYNNALTYK
unknownSpec	Q7N1E1_m2	DVWQMIGDDK
unknownSpec	Q8XYF2_m1	DLMPMAALLK
unknownSpec	Q5Z1X8_m1	DLFGVAGIVK
unknownSpec	Q5BA85_m3	DIHFVGAIAK
unknownSpec	Q7N4L0_m1	DLYNLSLIWK
unknownSpec	Q7N3P5_m9	DAFWIGGTFK
unknownSpec	Q88F56_m3	DIWELTADDK
unknownSpec	Q6Q883_m1	DAGPFGCCTK
unknownSpec	Q4ZTA6_m1	DAWFLGNVVK
unknownSpec	Q7U2U9_m1	DIEDVGSVVK
unknownSpec	Q4ZT68_m4	DFWNIGMVHK
unknownSpec	Q8KSQ0_m5	DALLVGAVVK
unknownSpec	Q5IW60_m1	DVWHFSLIEK
unknownSpec	Q70C47_m2	AVKYVANNDK
unknownSpec	Q5D6D1_m2	DVDHNSLVVK
unknownSpec	Q5BA85_m5	DIAILVAILK
unknownSpec	Q643C7_m2	DVGYLIAVAK
unknownSpec	Q9AKS6_m2	DLWNNALTYK
unknownSpec	Q643C6_m1	DASTVAAVCK
unknownSpec	O30914_m2	DLTKLGAVN-
unknownSpec	Q5DIU1_m3	DILQLGVIWK
unknownSpec	Q4ZTA6_m2	DFWNIGMVHK
unknownSpec	Q4ZT67_m7	DLYNNALTYK
unknownSpec	Q5V8A8_m2	DGWVISGVCK
unknownSpec	Q87WM8_m2	DVWHFSLVDK
unknownSpec	Q99X42_m1	DAFWLGGTFK
unknownSpec	Q7NVV9_m2	DVWHFSLVDK
unknownSpec	Q9X577_m1	DLTKVGHIGK
unknownSpec	Q8ZHV3_m1	DLYNLSLIWK
unknownSpec	Q93LR2_m2	DARHVGIFVK
unknownSpec	Q9FDU0_m1	DPRHSGVVGK
unknownSpec	Q5BHH2_m3	DAMFVGAVYK
unknownSpec	Q9RFK9_m1	DLYNMSLIWK
unknownSpec	Q74QN8_m1	DLFNLSLIWK
unknownSpec	Q84BC7_m1	DAFFLGVTFK
unknownSpec	Q9XBC2_m1	DAFYLGMMCK
unknownSpec	Q6D738_m7	DILQLGLIWK
unknownSpec	Q70JZ9_m1	DALSVGEVVK
unknownSpec	Q51WG7_m1	DMTGVGACSK
unknownSpec	Q73YT5_m1	DIWCLGEMWK
unknownSpec	Q70JX4_m1	DVQFIAHVVK
unknownSpec	Q4ZV20_m1	DFWNIGMVHK
unknownSpec	Q87W61_m1	DAWFLGNVVK
unknownSpec	Q5BDY8_m1	---CLVGVCK
unknownSpec	Q84BC8_m3	DAWQFGLIDK
unknownSpec	Q63KU5_m1	DLGDVGSIDK
unknownSpec	Q8YTR9_m1	DILQLGLIWK
unknownSpec	Q8RTG4_m2	DARHVGIFVK
unknownSpec	Q4ZVR9_m1	DVSETGVCEK
unknownSpec	Q7BQ70_m1	DMWNTGMVHK
unknownSpec	Q6D739_m6	DVWHISLIDK
unknownSpec	Q7N2F0_m3	DVESIGAVTK
unknownSpec	Q7WRJ5_m1	DVWCFGLVDK
unknownSpec	Q881Q3_m2	DFWNIGMVHK
unknownSpec	Q63CQ5_m2	DGATFVFVTK
unknownSpec	Q5YPK6_m6	DALFVGGIMK
unknownSpec	Q7N239_m4	DAWCIGAVCK
unknownSpec	Q6LGA1_m1	DAEDIGTVVK
unknownSpec	Q881Q3_m3	DAMFIGGTFK
unknownSpec	Q5D6D8_m2	DGWFLAAVMK
unknownSpec	Q93JN5_m1	DGESSGGMTK
unknownSpec	Q5MP00_m1	DILQLGLIWK
unknownSpec	Q63UA4_m6	DVQQIGHVDK
unknownSpec	Q9XCF3_m1	DFWTVAAVCK
unknownSpec	Q88Z03_m1	SVTQAAVAGK
unknownSpec	Q6J228_m1	DMTFSAGIIK
unknownSpec	Q73XY7_m1	DAQDAGCVEK
unknownSpec	Q4ZQ18_m2	DVWHFSLVDK
unknownSpec	Q7N2F7_m5	DVSACGCITK
unknownSpec	Q4ZV34_m1	DVWHFGRINK
unknownSpec	Q7N1E4_m2	DIGDLGIIDK
unknownSpec	Q9AKS6_m1	DFWNVGMVHK
unknownSpec	Q6GCU7_m1	DAFWLGGTFK
unknownSpec	Q6VT93_m1	DAEDIGAITK
unknownSpec	Q63CQ7_m2	DMESIGTVCK
unknownSpec	Q4ZT75_m3	DLEHNTTVSK
unknownSpec	Q93H58_m1	DVWNVAMVHK
unknownSpec	Q5D6D7_m3	DMYDYISFCK
unknownSpec	Q4ZT75_m4	DLEHNTTVSK
unknownSpec	Q57RY6_m1	DVWHFSLVDK
unknownSpec	Q5AUZ6_m4	DAMMVGVMIK
unknownSpec	Q872S0_m1	DVDHGGAVGK
unknownSpec	Q5B7I4_m2	DAQNIAVINK
unknownSpec	Q8VQF8_m1	DNADAGTVNK
unknownSpec	Q01135_m2	DVSDQGVVTK
unknownSpec	Q18559_m1	DVSFTGIIWK
unknownSpec	Q5BA85_m1	DIQGVLAMQK
unknownSpec	Q9AIT3_m2	AVKYVANNDK
unknownSpec	Q7CT15_m1	DILQLGVIWK
unknownSpec	O69825_m1	TNRMFSVLYK
unknownSpec	Q8G8C7_m1	DILQLGLIWK
unknownSpec	Q9HYR8_m2	DMQLVSQQVK
unknownSpec	Q62AQ9_m1	DVWHMSLVDK
unknownSpec	Q5BA09_m3	DFESTAAVYK
unknownSpec	Q5IRA4_m1	DAFWLGGTFK
unknownSpec	Q4ZV19_m2	DVWHVSLIDK
unknownSpec	Q70JX4_m2	DAWHFGSVEK
unknownSpec	Q70LM7_m2	DIANLCIIYK
unknownSpec	Q7CT27_m2	DLFNCALTYK
unknownSpec	O43103_m3	DVIDMGAIGK
unknownSpec	Q4ZT68_m2	DLYNNALTYK
unknownSpec	Q8KSQ0_m4	DFWNIGMVHK
unknownSpec	Q6D738_m4	DAFLIGAVCK
unknownSpec	Q8YTR4_m1	DATKIGEVGK
unknownSpec	Q9AMR5_m1	DVQFYAQVIK
unknownSpec	Q81DB8_m1	DFWNIGMVHK
unknownSpec	Q9I179_m2	DAEDIGAITK
unknownSpec	Q63UA4_m2	DAWFLGAVVK
unknownSpec	Q8XS40_m1	DFGGAGALL-
unknownSpec	Q5BFS3_m1	DPMMWMAINK
unknownSpec	Q70JZ9_m3	DVQFIAHVVK
unknownSpec	Q8FGF3_m1	DLYNMSMIWK
unknownSpec	Q88F78_m2	DIWELTADDK
unknownSpec	Q8YTR8_m2	DLYNLSLIWK
unknownSpec	Q5D6D6_m3	DALLVGAVSK
unknownSpec	Q4ZVI3_m1	DVADVGAIDK
unknownSpec	Q5D0R0_m1	DVDGGGGIGK
unknownSpec	Q7WRX9_m1	DVWHISLIDK
unknownSpec	O31782_m1	DVSNMAIIYK
unknownSpec	Q63L14_m1	DLTKVGHVGK
unknownSpec	Q5YPH7_m7	DALFIGGIVK
unknownSpec	Q9K5M1_m1	DLAFSGAVAK
unknownSpec	O94116_m3	DVLDIGFIGK
unknownSpec	Q840C8_m2	DVWHFSLVDK
unknownSpec	Q4ZT67_m11	DLEHNTTVSK
unknownSpec	Q50E73_m3	DVVSAAFVYK
unknownSpec	Q5ZPA9_m1	DAFFLGVTFK
unknownSpec	Q5D0R1_m1	DVDGGGGIGK
unknownSpec	Q4ZTA6_m4	DAWFLGNVVK
unknownSpec	Q84BC8_m2	DILQLGLIWK
unknownSpec	Q5D6D5_m2	DAIAFVGCVK
unknownSpec	Q81DB4_m3	DVQDLGVVDK
unknownSpec	Q8U9Q6_m1	DILQLGVIWK
unknownSpec	Q87W61_m2	DVWHFSLVDK
unknownSpec	Q7A813_m2	DAMSIGAVIK
unknownSpec	Q63CQ7_m1	DLTKIGEIGK
unknownSpec	Q63MR2_m1	DLYNMSLIWK
unknownSpec	Q6HJ02_m2	DFWNVGMVHK
unknownSpec	Q740D1_m5	DVWSVAAVYK
unknownSpec	Q5D0R2_m1	DVDNGGGIGK
unknownSpec	Q8G981_m1	DPWGFGLVDK
unknownSpec	Q6RKK5_m1	DMTFSAGIIK
unknownSpec	Q6GKC7_m2	DAMSIGAVIK
unknownSpec	Q51XM7_m2	DVEDVGTVQK
unknownSpec	Q7N5R3_m2	DVGWITGIVK
unknownSpec	Q5BDY8_m3	DVLSFGAIIK
unknownSpec	Q6GCU7_m2	DAMSIGAVIK
unknownSpec	Q6A877_m1	DVWELTADDK
unknownSpec	Q70JX1_m2	DVGEVGSIDK
unknownSpec	Q9P7T1_m2	DVLDIGFIGK
unknownSpec	Q6ZZJ6_m1	DAFHLGLLCK
unknownSpec	Q5BHH2_m1	DAASIAGVTK
unknownSpec	Q63U38_m2	DLTKVGHVGK
unknownSpec	Q52Z73_m5	DAWFYGGSF-
unknownSpec	Q9AG79_m2	DFWSVGGVFK
unknownSpec	Q8YTR5_m2	DAFWIGGTFK
unknownSpec	Q88F56_m2	DAEGIGAVMK
unknownSpec	Q5YPK6_m9	DVWHFSLVDK
unknownSpec	Q4ZQ18_m6	DVWHLSLIDK
unknownSpec	Q5Z0U1_m1	DIENVGGVTK
unknownSpec	Q5Z1X6_m2	DVWHFSLVDK
unknownSpec	Q5ZPB0_m1	DIQYIAQVVK
unknownSpec	Q5D6D4_m2	DAEATHSVTK
unknownSpec	Q93H58_m2	DLPKVAEVGK
unknownSpec	Q884F8_m1	DVWHFGRINK
unknownSpec	Q7N3P5_m4	DAFWIGATFK
unknownSpec	Q56PC8_m2	DGGMVG-FKK
unknownSpec	Q4ZV34_m3	DIWELTADDK
unknownSpec	Q63CQ6_m1	DGL-NVLITK
unknownSpec	P14688_m3	DVGEIGSLIK
unknownSpec	Q6RKJ3_m1	DLDHMG---K
unknownSpec	Q70P93_m1	---QLGMIWK
unknownSpec	Q63JT1_m4	DLEHNTTISK
unknownSpec	Q93H59_m1	DAWQFATIDK
unknownSpec	Q5IW58_m1	DVLLVAGVLK
unknownSpec	Q5YV27_m1	DVWHFSLVDK
unknownSpec	Q4ZV21_m2	DFWNIGMVHK
unknownSpec	Q70KJ6_m2	DLTKVGHIGK
unknownSpec	Q5DIS9_m1	DAWQCGLIDK
unknownSpec	Q8G8A6_m3	DGEDHGTVTK
unknownSpec	Q4ZT67_m6	DVWHLSLIDK
unknownSpec	Q6D9Y1_m1	DAMIGGMVTK
unknownSpec	Q81DB7_m2	DLFNNALTYK
unknownSpec	Q7N2F0_m2	DVESIGAVTK
unknownSpec	Q8XS39_m3	DILQLGVIWK
unknownSpec	Q7Z8P4_m3	DPLSTGAIGK
unknownSpec	Q882M4_m1	DLYNMSMIWK
unknownSpec	Q8FGB9_m2	ASGSLGGICK
unknownSpec	Q5YV27_m3	DALFMGAIVK
unknownSpec	Q50E73_m1	DTEDMGYVDK
unknownSpec	Q6D739_m2	DASTIAAVCK
unknownSpec	Q93LR1_m2	DARHVGIFVK
unknownSpec	Q6D738_m6	DVWHISLIDK
unknownSpec	Q5D6D1_m1	DAFFLGVPMK
unknownSpec	Q6YK39_m1	DVWHFSLIDK
unknownSpec	Q5Z1X8_m2	DLWHLILVSK
unknownSpec	Q73XY5_m1	DVGHPGFVNK
unknownSpec	Q7N239_m1	DAFWIGATFK
unknownSpec	Q88Z03_m4	DVWHFSLIDK
unknownSpec	Q8G8C7_m3	DVWHVSLIDK
unknownSpec	Q9EWP4_m1	DLYNLSLIWK
unknownSpec	Q8VQF9_m1	DVWHLSLIDK
unknownSpec	Q62KA7_m1	DGEYTGGITK
unknownSpec	Q5AUZ6_m6	DVLFIGGVAK
unknownSpec	Q51QV4_m2	DVWLISSVLK
unknownSpec	Q5BDY8_m4	DALFTGGVFK
unknownSpec	Q65NK5_m3	DAWFLGNVVK
unknownSpec	Q50JA3_m1	DFWNIGMVHK
unknownSpec	Q51WH5_m1	DVFVVVAMPK
unknownSpec	Q6N4J8_m1	DILQLGMIWK
unknownSpec	Q8U9P4_m2	DLYNMSLIWK
unknownSpec	Q5DIP4_m4	DGEACGGVTK
unknownSpec	Q7NVV9_m1	DGEDMGFISK
unknownSpec	Q8FGC1_m2	DLYNLSLIWK
unknownSpec	Q881Q3_m4	DAWFLGNVVK
unknownSpec	Q5YPH6_m1	DVWHFSLVDK
unknownSpec	Q63JT2_m5	DAFFIGATFK
unknownSpec	Q9I157_m3	DIWELTADDK
unknownSpec	Q5YPH6_m4	DFWDIGMVHK
unknownSpec	Q7N1E2_m3	DLENVSHVVK
unknownSpec	Q63MR3_m1	DLYNLSLIWK
unknownSpec	Q6XA09_m3	DAILVGAVVK
unknownSpec	Q8VQF8_m3	DTSDTGSVIK
unknownSpec	Q6YK41_m1	DLTKIGEVGK
unknownSpec	Q70LM4_m4	DLYNNCLVYK
unknownSpec	Q93LR2_m1	DAWFLGNVVK
unknownSpec	Q5Z1X6_m1	DFMLIGVVIK
unknownSpec	Q5YPH6_m2	DIAIVGAVAK
unknownSpec	Q50E74_m5	DILQLGVIWK
unknownSpec	Q845Y7_m1	DGWTIGAVEK
unknownSpec	Q62C88_m1	DLGDVGSIDK
unknownSpec	Q5AR54_m2	DAFFYGCIVK
unknownSpec	Q5Z0U1_m3	DAFVAALIWK
unknownSpec	Q6RKJ7_m1	DAFLFGAISK
unknownSpec	Q8YTS0_m1	DVWHISLIDK
unknownSpec	Q6HXY8_m2	DLYNLSLIWK
unknownSpec	Q62AR2_m2	DILQLGLVWK
unknownSpec	Q740V0_m2	DVQSVGAVDK
unknownSpec	Q5DIV8_m2	DGEVCGGVTK
unknownSpec	O87314_m4	DTWDTGLVDK
unknownSpec	Q5YPK6_m3	DVWHFSLVDK
unknownSpec	Q5ZPA9_m2	DAFWLGGTFK
unknownSpec	Q7Z8U6_m1	DVDGGGGIGK
unknownSpec	Q4ZTA7_m2	DAWFLGNVVK
unknownSpec	Q7N3P5_m2	DLFNNALTYK
unknownSpec	Q8FGC1_m1	DILQLGLIWK
unknownSpec	Q83Y48_m2	DGGQIAGVYK
unknownSpec	Q93H11_m1	DTEDVGTVVK
unknownSpec	Q7S6D3_m3	DVLDIGFIGK
unknownSpec	Q9XCF2_m1	DVWSVAAVYK
unknownSpec	Q5D6D5_m4	DALFTGVIFK
unknownSpec	Q666G2_m1	DLFNLSLIWK
unknownSpec	Q50E73_m6	DVWHISLVDK
unknownSpec	P14688_m1	TCKSIAHVVK
unknownSpec	Q5HJJ4_m1	DAFWLGGTFK
unknownSpec	Q9AMR5_m3	DAWTIAAVCK
unknownSpec	Q5B489_m1	DVDLQGVVAK
unknownSpec	Q52US9_m2	DVLFIITIIK
unknownSpec	Q56PC8_m3	DAIIIVGVTK
unknownSpec	Q5YPK6_m11	DVWDFILVSK
unknownSpec	Q6LRJ7_m1	DLYNMSMIWK
unknownSpec	Q65NK4_m1	DAFWIGGTFK
unknownSpec	O54504_m1	DAWFLGNVVK
unknownSpec	Q5Z1X7_m1	DALFVGGIMK
unknownSpec	Q8KSQ1_m1	DALLVAAVVK
unknownSpec	Q847C7_m1	DFWNIGMVHK
unknownSpec	Q63JT1_m1	DAEDVGTVSK
unknownSpec	Q63JT0_m1	DVWHMSLVDK
unknownSpec	Q740D1_m3	DFWTVGVMWK
unknownSpec	Q8GGR4_m1	DTWFIASINK
unknownSpec	Q63JT1_m2	DFWNIGMVHK
unknownSpec	Q70LM4_m2	DAWFLGQVVK
unknownSpec	Q5DIU0_m1	DVWHVSLIDK
unknownSpec	Q7NUA0_m2	DVWHLSLIDK
unknownSpec	Q50JA2_m2	GAQFIAQVAK
unknownSpec	Q9UVN5_m2	DALVVTGNIK
unknownSpec	Q6Q883_m2	DCNMAAVISK
unknownSpec	Q93TX2_m1	DLFNNALTYK
unknownSpec	Q6E7J8_m1	VDAVFSLADK
unknownSpec	Q881Q4_m1	DAWFLGNVVK
unknownSpec	Q70KJ7_m1	DAKDLGVVDK
unknownSpec	Q9I179_m3	DVWHVSLIDK
unknownSpec	Q6ZZJ4_m3	DASTIAGVCK
unknownSpec	Q5PMD5_m1	DVWHFSLVDK
unknownSpec	Q70P96_m1	DLYNLSLIWK
unknownSpec	Q5DIP3_m1	DVWHVSLIDK
unknownSpec	Q65NK5_m1	DAQDLGVVDK
unknownSpec	Q881Q4_m3	DAWQVGVVDK
unknownSpec	Q70JX2_m1	DGTLTAEVAK
unknownSpec	Q8XS40_m5	DLKNVGSDVK
unknownSpec	Q8DTJ6_m1	DVQFIAHVVK
unknownSpec	Q5JCM0_m1	DLFNNALTYK
unknownSpec	Q88F79_m3	DGEACGGVTK
unknownSpec	Q9RFK5_m1	DLDQLGMIWK
unknownSpec	O69146_m2	DAKDLGVVD-
unknownSpec	Q5YPH7_m2	DVWDFILVSK
unknownSpec	Q63JT2_m3	DSKDLGVVDK
unknownSpec	Q70C47_m1	GLFAVGHAL-
unknownSpec	Q70JX1_m1	DAWHFGGVDK
unknownSpec	Q73TH8_m2	DLYNFSMIWK
unknownSpec	Q6YK40_m1	DALSVGEVVK
unknownSpec	Q5DIV9_m2	DFWNIGMVHK
unknownSpec	Q70LM5_m6	DAWFLGQVVK
unknownSpec	Q8DTJ5_m2	DVWHFSLIEK
unknownSpec	Q9I181_m1	DGEVCGGVTK
unknownSpec	Q5DIU0_m3	DGEVCGGVTK
unknownSpec	Q8FGC2_m1	DLYNLSLIWK
unknownSpec	O85020_m1	IDTLISSGDK
unknownSpec	Q9C1C5_m1	DAIIIVGVTK
unknownSpec	Q6YK40_m4	DAKDLGVVDK
unknownSpec	Q7N3P5_m7	DAFWIGGTFK
unknownSpec	Q7N3P5_m10	DAWCIGAVCK
unknownSpec	Q8FGB1_m1	DVFWTGGIFK
unknownSpec	Q5Z1X7_m3	DMWPWALVVK
unknownSpec	Q8XS39_m1	DALWMGGTFK
unknownSpec	Q8RTG3_m1	DVWTIGAVDK
unknownSpec	Q884F8_m3	DIWELTADDK
unknownSpec	Q4ZT67_m4	DFWNIGMVHK
unknownSpec	Q7N849_m1	DALVLAVSIK
unknownSpec	Q87WM7_m2	DVDFVGQFVK
unknownSpec	Q9X578_m1	DAQDLGVVDK
unknownSpec	Q9RNB0_m2	DARHVGIFVK
unknownSpec	Q5Z1S9_m1	DAQDAGCVEK
unknownSpec	Q51QV4_m3	DVQIIVGMLK
unknownSpec	Q5DIV7_m3	DVWHVSLIDK
unknownSpec	Q63SU2_m1	DVPNFVMVFK
unknownSpec	Q5DIV7_m2	DAEDIGAITK
unknownSpec	Q5JCL9_m1	DILQLGLIWK
unknownSpec	Q7N1E4_m3	DIESIGTIVK
unknownSpec	P94904_m1	DATKVGEVGK
unknownSpec	Q5Z1X9_m2	DVWDFILVSK
unknownSpec	Q65NK3_m1	DGFFLGVVFK
unknownSpec	Q4ZT75_m5	DVADVGAIDK
unknownSpec	Q9P7T1_m1	DVFEIIAIHK
unknownSpec	Q5V8A8_m1	DIYFWGGTYK
unknownSpec	Q847C8_m1	DVWNFGFVDK
unknownSpec	Q847C7_m2	DARHVGIFVK
unknownSpec	Q8DTJ7_m2	DLYNISAIWK
unknownSpec	Q89T13_m2	VIWEITADDK
unknownSpec	Q5YPK6_m12	DLWHLILVSK
unknownSpec	Q70LM5_m3	DVSSIGCVCK
unknownSpec	Q50E74_m3	DLTKLGAVNK
unknownSpec	Q50858_m2	DPWGLGLIDK
unknownSpec	Q01135_m1	DVLFIGGVAK
unknownSpec	Q70K00_m1	DVWHFSLIDK
unknownSpec	Q83Z53_m3	DVWHLS-VE-
unknownSpec	Q7S6D3_m2	DVFSVAGNIK
unknownSpec	Q8G982_m2	DPRHVGIFIK
unknownSpec	O69146_m1	DAWAVAGVAK
unknownSpec	Q8XYF2_m2	DLYNFSMIWK
unknownSpec	Q44103_m1	DWWCMGLVHK
unknownSpec	Q8KSQ0_m3	DTEDTGFVDK
unknownSpec	Q50E73_m2	DLTKLGAVNK
unknownSpec	Q6D738_m5	DAKDLGVVDK
unknownSpec	Q8XS40_m4	DVWHLSLIDK
unknownSpec	Q8YTR8_m1	DLFNNALTYK
unknownSpec	Q4ZT67_m10	DLEHNTTVSK
unknownSpec	Q9XBC2_m2	DTSKVAAICK
unknownSpec	Q4ZT67_m8	DFWNIGMVHK
unknownSpec	Q5AUZ6_m1	DLGLSGMILK
unknownSpec	Q50E73_m4	DLTKLGAVNK
unknownSpec	Q63JT0_m3	DVWHMSLVDK
unknownSpec	Q5YPH7_m6	DVWDFILVSK
unknownSpec	Q83Z53_m2	DALFIGGTFX
unknownSpec	Q5D6D7_m2	DVFSVAGNIK
unknownSpec	Q7N4L1_m1	DLYNMSMIWK
unknownSpec	Q5J1Q7_m2	DVENVGAIGK
unknownSpec	Q6D739_m4	DVQLVGAVCK
unknownSpec	Q70LM6_m1	DVANFAIIYK
unknownSpec	Q8GGQ3_m2	DVWHVSLIDK
unknownSpec	Q7N1E2_m2	DMENSGAVNK
unknownSpec	Q738J2_m2	DFWNVGMVHK
unknownSpec	Q70C47_m3	ELTYVHAAER
unknownSpec	Q70JZ9_m4	DAKDLGVVDK
unknownSpec	Q7N1E1_m3	DLFNNVLTYK
unknownSpec	Q9I1H3_m1	DSKDLGLVNK
unknownSpec	Q8NYN0_m1	DAFWLGGTFK
unknownSpec	Q5BA85_m2	DASQIGGIYK
unknownSpec	Q6XA09_m1	DNEDCGMINK
unknownSpec	Q63UA4_m1	DMMVVGSLL-
unknownSpec	Q5D6D6_m2	DVWFCGGTFK
unknownSpec	Q7N3P5_m13	DAWCIGAVCK
unknownSpec	Q63KU5_m2	DVGWIAGIVK
unknownSpec	Q5D6D8_m1	DAAQVGAVWK
unknownSpec	Q9FB33_m1	DAEDMGLVDK
unknownSpec	Q63JT2_m1	DFWNIGMVHK
unknownSpec	Q52Z73_m4	DGFFIGLPVK
unknownSpec	Q70C52_m2	AIKYFSIDMK
unknownSpec	Q5YPK6_m5	DFWNVGMVHK
unknownSpec	Q93H69_m1	DAWLLGAVIK
unknownSpec	Q9XCF2_m2	DVHSVAAVYK
unknownSpec	Q5MD34_m1	DLYNLSLIWK
unknownSpec	Q643C7_m1	DVWNVAMVHK
unknownSpec	Q93H42_m1	DMGGMGLIAK
unknownSpec	Q4ZQ18_m5	LDTVVSFGDK
unknownSpec	Q8G986_m1	DPRHSGVVGK
unknownSpec	O52048_m1	DVFNLALVFK
unknownSpec	Q99X42_m2	DAMSIGAVIK
unknownSpec	Q6D739_m5	DSALIAEVWK
unknownSpec	Q63L34_m1	DILQLGVIWK
unknownSpec	Q5YVZ9_m2	DASIAVHIWK
unknownSpec	Q8KSQ0_m1	DTEDMGFVDK
unknownSpec	Q9I179_m1	DVWHVSLIDK
unknownSpec	Q6D9Y3_m1	DAEDIGTVVK
unknownSpec	Q8YTR6_m1	DILQLGLIWK
unknownSpec	Q8DTJ8_m1	DILQLGLVWK
unknownSpec	Q9RR50_m1	DMFVAGLIWK
unknownSpec	Q9EWP5_m2	DLYNLSMIWK
unknownSpec	Q70LM6_m4	DAFWLGGTFK
unknownSpec	Q5HKK6_m1	DAFWLGGTFK
unknownSpec	Q4ZQ18_m1	DAWFLGNVVK
unknownSpec	Q5AR36_m2	DTGLGVSIMK
unknownSpec	Q7N3P5_m15	DAFWIGGTFK
unknownSpec	Q63U39_m1	DGEYTGGITK
unknownSpec	Q740D1_m1	DVWTVVAMCK
unknownSpec	Q8RTG5_m1	DVWHFSLIDK
unknownSpec	Q7Z8P4_m2	DVQHTITVVK
unknownSpec	Q4ZVI3_m3	DLYNMSLIWK
unknownSpec	Q7NUA0_m1	DLEHNTTVSK
unknownSpec	Q63UA4_m5	DVWEVNTDDK
unknownSpec	Q63L37_m1	DLFNNALTYK
unknownSpec	Q48915_m1	DGWTIGAVEK
unknownSpec	Q6RKL4_m1	DFDTFGGILK
unknownSpec	Q4ZT69_m2	DVQYIAHVVK
unknownSpec	Q88F79_m1	DILQIGLIWK
unknownSpec	Q5D6D0_m2	DAV-CTAAAK
unknownSpec	O30914_m1	DLTKLGDVNK
unknownSpec	Q4ZT69_m4	DAWFLGNVVK
unknownSpec	Q7N239_m5	DAWCIGAVCK
unknownSpec	Q65NK4_m2	DLTKVGHIGK
unknownSpec	Q8VUE5_m1	DSEDMGYIDK
unknownSpec	Q529N3_m5	DVSYAGIQAK
unknownSpec	Q5D6D7_m4	DVLDIGGIGK
unknownSpec	Q8XS39_m5	VDTVVSFGDK
unknownSpec	Q4ZT75_m2	DVWHLSLIDK
unknownSpec	Q7N1E4_m1	DIESIGTVLK
unknownSpec	Q70JX3_m2	DVFWIGGTFK
unknownSpec	Q70LM6_m2	DAWFLGQVVK
unknownSpec	Q6HJ02_m1	DILQLGLIWK
unknownSpec	Q8XS39_m4	DLFNNALTYK
unknownSpec	Q96V34_m1	DITLVAGLVK
unknownSpec	Q4ZVI1_m1	DAFFLGATFK
unknownSpec	Q5MD35_m1	DLYNMSLVWK
unknownSpec	Q5D6D6_m4	DGWFLAAVMK
unknownSpec	Q5AUZ6_m3	DALFMGGVYK
unknownSpec	Q70LM5_m1	DAFWLGGTFK
unknownSpec	Q50E74_m1	DVSSIGAVEK
unknownSpec	Q5B7I4_m1	DVSNVGSIIK
unknownSpec	Q7CT27_m1	DILQLGLIWK
unknownSpec	Q5NKN7_m1	DLTKIGEVGK
unknownSpec	Q81DB4_m1	DSQFIGQVVK
unknownSpec	Q01135_m3	DVSFAGSIWK
unknownSpec	Q5BA09_m2	DHESDVGITK
unknownSpec	Q7N1E1_m1	DIESIGTVTK
unknownSpec	Q5AZP4_m1	DVDGGGGIGK
unknownSpec	Q50JA2_m3	DVWVLAAIIK
unknownSpec	Q9HYR8_m1	DVWHFSLVDK
unknownSpec	Q5D6D5_m1	DNEDCGQINK
unknownSpec	Q840C8_m1	DSLDLGLVDK
unknownSpec	Q8XQ64_m1	DAFWLGGTFK
unknownSpec	Q70JX4_m3	DGTITAEVAK
unknownSpec	O43103_m2	DVLCIGAIGK
unknownSpec	O85020_m2	DMENLGLINK
unknownSpec	Q63KU8_m1	DFWNVGMVHK
unknownSpec	Q5Z1X6_m5	DIWHFAWVVK
unknownSpec	Q7WRX9_m2	DLFNNALTYK
unknownSpec	Q4ZT68_m1	DLYNNALTYK
unknownSpec	Q70LM7_m1	DGLYIGGIMK
unknownSpec	Q5BHH2_m2	DVLNVGAIIK
unknownSpec	Q8VQF8_m2	DTSDTGTVSK
unknownSpec	Q5BFS3_m2	DVQHTITVVK
unknownSpec	Q9LCU0_m1	DFWSVGMVHK
unknownSpec	Q8ZHV5_m1	DLFNLSLIWK
unknownSpec	Q70KJ6_m1	DAFWIGGTFK
unknownSpec	Q7S6D3_m1	DVFELIMIHK
unknownSpec	Q4ZT67_m12	DAPFEGGTCK
unknownSpec	Q6E7J5_m1	DLFNNALTYK
unknownSpec	Q63UA4_m3	DAWFLGHVVK
unknownSpec	Q7WRQ4_m1	DVWFFGLVDK
unknownSpec	Q7U2U9_m2	DAWTVAAICK
unknownSpec	Q5D0Q9_m1	DVDHGGAVGK
unknownSpec	Q5DIP4_m1	DILQLGLIWK
unknownSpec	Q5D6D3_m1	DVDGAGAVGK
unknownSpec	Q7DAG9_m1	DIEDVGSVVK
unknownSpec	Q6DNE7_m1	DLYNMSLIWK
unknownSpec	Q51XM7_m3	DAGFVGGVF-
unknownSpec	Q606X9_m1	DIEDVGSVTK
unknownSpec	Q7N3P5_m6	DAWCIGAVCK
unknownSpec	Q5BA85_m4	DLLVVAGILK
unknownSpec	Q6ZZJ4_m1	DIFHLGLLCK
unknownSpec	Q4ZTA6_m3	DAMFLGATFK
unknownSpec	Q50EC8_m2	DAWTTTGVGK
unknownSpec	Q5DIU1_m2	DGEVCGGVTK
unknownSpec	Q5ZPA8_m1	DLYNMSLIWK
unknownSpec	Q52Z73_m2	GANLIGATIK
unknownSpec	Q8U9P3_m2	DLFNCALTYK
unknownSpec	Q7D792_m1	DAQDAGCVEK
unknownSpec	Q5YVZ9_m4	DALFLGLIVK
unknownSpec	Q6ZZJ6_m2	DASTVAAVCK
unknownSpec	Q6D738_m1	DAQDLGVVDK
unknownSpec	Q4ZT68_m3	DALWIGGTFK
unknownSpec	Q5DIS7_m2	DIWELTADDK
unknownSpec	Q4ZV20_m2	DVWHVSLIDK
unknownSpec	Q4ZVI3_m2	DVQFIAQVVK
unknownSpec	Q9XCF3_m2	DFWSVGMVHK
unknownSpec	P40806_m1	DILQLGMIWK
unknownSpec	Q88Z03_m3	DVLIVAAVIK
unknownSpec	Q88Z03_m2	DSHGYGCVLK
unknownSpec	Q8NYN0_m2	DAMSIGAVIK
unknownSpec	Q8VUE5_m2	DVWHFSLVDK
unknownSpec	Q6VT95_m1	DILQLGLIWK
unknownSpec	Q8YTS1_m1	DAPTLGAVNK
unknownSpec	Q65E02_m2	DFWNIGMVHK
unknownSpec	Q5DIS9_m3	DILQLGVIWK
unknownSpec	Q8U9Q1_m1	DAPTLGAVNK
unknownSpec	Q7N2F7_m4	DAFWIGATFK
unknownSpec	Q881Q3_m1	DAWFLGNVVK
unknownSpec	Q5BDY8_m2	DMQCVFFSTK
unknownSpec	Q7NUA1_m3	DAWLLGVIFK
unknownSpec	Q5YPK6_m8	DFWNVGMVHK
unknownSpec	Q4ZQ18_m3	DLKNVGSDVK
unknownSpec	Q9F636_m1	DAEDIGTVVK
unknownSpec	Q8XS40_m2	DFWNIGMVHK
unknownSpec	Q8G8A6_m1	DVWHVSLIDK
unknownSpec	Q7N239_m3	DAWCIAAVCK
unknownSpec	Q7N2F7_m1	DVESIGGVTK
unknownSpec	Q10896_m2	DAWTVAAICK
unknownSpec	Q8CUZ9_m1	DILQLGLIWK
unknownSpec	Q666G1_m1	DLYNLSLIWK
unknownSpec	Q4ZVR9_m2	DGGQIAGVYK
unknownSpec	Q87WM8_m1	GLAGVGALLK
unknownSpec	Q5D6D8_m3	DAAMVVGIIK
unknownSpec	Q8PKR7_m1	DAWFLGNVVK
unknownSpec	Q666G1_m2	DLWNMSMIWK
unknownSpec	Q643C6_m2	DLSVMGAVDT
