pro	Q9FDB3_m2	LWQAFDVAFQESYMITAGEHNHYGPTESHVVTAL
asn	Q9RAH2_m3	YWASFDATITSLKIVLGGEINEYGPTEAVVGCCV
ile	O68006_m1	VNTSFDGSVFDGFILFGGEIHVYGPTESTVYATY
leu	Q09164_m3	LQTSFDASVWETLLYIGGDFNAYGPTENTVMSTI
iva	Q8NJX1_m7	SAIAFDCAVGESWSVLVGEINGWGPAETCVVSTI
cys	P25464_m2	LSLSFDHFVEQDSGDCVGEINGYGPTEVSITTHK
ser	Q9S1A9_m1	RWMTFDVSVWEWHFFCSGEHNLYGPTEAAIDVTY
val	Q44928_m2	LNTGFDALTFEGWLIVGGDWNGYGPTENTTFSTC
aad	P27743_m1	SDLAFEPHLRQINALLVGEVNEYAFTEAAFVTAV
cys	Q9RFM7_m1	TDIAFDLSVYDGNSLWSGDFSLGGATEAAIWSIE
cys	Q7BN95_m1	TDISFDLSVYDGNSLLSGDISLGGATEASIWSIG
leu	Q8NJX1_m11	NAISFDFSILEMYLFAGGEINGWGPTETTVVGSI
cys	Q9FB17_m1	AEIASPLALYEGHSLLGGEAHLSSATPSGPWTTC
ile	O69247_m1	VETSFDGFTFDGFVLFGGEIHVYGPTETTVFATF
hyv-d	Q00869_m1	CKFGFGACILETHAVLVGELNGYGQSESSSICCV
dhpg	Q70AZ8_m1	LDPAFDASLYDVNFLAGGDWHTYGPTETTLCATW
aad	P07702_m1	YWMSHDPIQRDTHLFFVGDVNMYGTTETQRAVSY
pro	Q9R9J0_m4	LYEAFDVCYQESFLITAGEHNHYGPSETHVVTMC
ser	P29698_m1	RWMTFDVSVWEWHFFCSGEHNLYGPTEAAVDVSW
asp	Q04747_m2	YWFSFDLGYTCPKLVLGGEINHYGPTEATIGAIA
ala	Q8VM67_m1	FWMPFDLSVMYPTSYFDGEVNAYGPTEATVALSA
aad	Q9C1G0_m1	SDLSFEPFVRQMNGVLVGELSEYGFTESAFVTAL
pro	Q9RAH1_m2	LWQAFDVSFQETFVITAGEHNHYGPSESHVIITF
hpg	Q93N89_m1	LESAFDISLFEVHVLTGGDRHLYGPTESTLCATW
ser-thr	P71717_m1	TTFACDMSVLDANFAVGGDAGLGGATETAVHATI
hpg	Q939Z0_m1	LEPAFDISLFEVHLLTGGDRHLYGPTEATLCATW
pip	O07944_m3	LWHTFDFSVQESFALQGGEHNVYGPAETHAVTTH
cys	P48633_m1	TDISFDLSVYDGNSMLSGDIAMGGATEASIWSNA
tyr	Q939Y2_m1	LDYAFDAAVAEPTLLVAGEINAYGPTEATVAVTA
leu	Q08787_m1	LHVSFDAFTFDAFALFGGEINCYGPTEGTVFATA
bht	Q8KLL5_m3	LAQAFDAAISEMTVVVAGEINGYGPTETTVCVTM
leu	P27206_m3	LWHAFDASIWEPFLLTGGDVNNYGPTENTVVATS
ser	Q9RAH4_m2	RWMTFDVSVWEWHFICSGEHNLYGPTEAAIDVTY
ala	Q01886_m3	GCHSFDLSILEAFLGFIGEVNSYGPTEACVLVTA
ala	Q8P0J9_m1	FWMPFDLSVMYPTSYFDGEINAYGPTEATVALSA
thr	P39846_m2	LHQHFDFSVWEGNQIFGGEINMYGITETTVHVTF
cys	P27742_m2	LSLSFDHFVEQDSGDCVGEINGYGPTEISITTHK
ala	Q9FB26_m1	FWATFDLSVFEANTNLAGERNLYGPSEATTYATA
lys	O05819_m1	YDHWFDAAWQPADTALGGEFNCYGPTETTVEAVV
THR	Q9FB24_m1	LACHFDFSVWEGSQVLGGEVNMYGITENTIHVTV
asn	Q9Z4X5_m3	YVSSFDLTVTGAKAVLGGELNEYGPTETIVGCTT
glu	P39845_m1	FGMTFDASVWQWHFFAGGEIHGYGPTEATVDAAF
thr	Q51338_m1	LATHFDFSVWEGNQIFGGEVNMYGITETTVHVTY
hpg	Q93N88_m1	LEPAFDISLFEVHVLTGGDRHLYGPTEVSLCATW
leu	O66069_m3	LWHAFDASVWEPFLLTGGDVNNYGPTENTVVATS
thr	Q9FDB0_m1	VQTTHDMSVFDAVSAQGGDISLGGPTETTIWSIW
pro	O05647_m1	LWHAFDVAAQESYAAQAGEHNHYGPAETHVMTGI
thr	Q81QP7_m2	LATHFDFSVWEGNQVFGGEINMYGITETTVHVSY
sal	P71716_m1	NASLFPLACPGGALQVGGSQQVFGMAEGLLNFTR
ser	Q884E3_m2	RWMTFDVSVWEWHFVCSGEYNLYGPTEAAIDVTH
asp	Q84BQ4_m5	MWGAFDSSVWEWKFLNGGGHNVYGPTETTVDSTG
LEU	Q9RAH2_m1	LWHAFDAAVWEPFLLTGGDVNNYGPTENTVVSTS
CYS	Q8GAQ3_m2	TDISFDLSVYDGNTLLSGDVSLGGATEASIWSVY
val	O66070_m1	LNAGFDASTFEGWLIIGGDWNGYGPTENTTFSTC
val	Q9FDB3_m4	LDNSFDASTLDAWLIVGGDLNGYGPTEATTFSTT
pip	Q54298_m1	LWQIFDYSVQESYALPGGEHNHYGPAESQLVTGY
val	O30981_m2	LNSSFDVVTFEGWLIIGGEWNGYGPTENTTFSTC
val	P26046_m3	LALSFDFSVEQLSGTAAGEYNAYGVTETTVYNII
val	O69246_m1	LNAGFDASTFEGWLIIGGDWNGYGPTENTTFSTC
leu	Q9RNB0_m1	LWHAFDAAVWEPFLLTGGDINNYGPTENSVVTTS
asp	O66070_m2	YWFSFDLGYTSPKLVLGGEINHYGPTETTIGAIA
pro	O30980_m1	LFEAFDVCYQESVSITAGEHNHYGPSETHVVSAY
pro	Q8NJX1_m13	SAYSFDVGVLDVFLCLGGEHGLYGPAEASICAWN
hpg	Q7WZ74_m2	LDPAFDASLLEVHLLTGGDRELYGPTEVTLCATW
dab	O85168_m4	YDANFDLSVEEPHLNVTGDINTYGPTEATVSCTA
thr	Q9Z4X6_m2	LATHFDFSVWEGNQVFGGEVNMYGITETTVHVSH
asp	Q45675_m2	YWFSFDLGYTSPKLVLGGEINHYGPTEATIGAIA
dht	Q83VS0_m4	LATHFDFSVWEGNQIFGGEVNMYGITETTVHVTY
dab	O85168_m3	YDANFDLSVEEPHLNVTGDINTYGPTEATVSCTA
dhb	P40871_m1	SRSLYPLSSPGGALQVGGAQQVFGMAEGLVNYTR
tyr	O30409_m3	NWKLFDAFVLSTTGTLGGEVNEYGPTESSVVATW
pro	Q01886_m1	AAYSFDISIADTVLIFTGEYNVYGPAENTLITTA
GLU	O87606_m1	FGMTFDASVWQWHFFAGGEVHGYGPTEATVDAAF
asn	O68008_m5	YWASFDLTVTSTKLIVGGEYNEYGPTETVVGCMI
ala	P68878_m1	FWMAFDLSVMAPVSFFCGEYNTYGPTEATVAVTS
ala	Q50857_m1	FWATFDLSVFEVNTNLAGEVNLYGPSETTTYSTY
thr	P45745_m2	LATHFDFSVWEGNQIFGGEINMYGITETTVHVSY
ala	Q83VS1_m5	FWATFDLAVYEANTNVAGECNLYGPSETTTYSSW
ser	Q8FK25_m1	RWMTFDVSVWEWHFFCSGEHNLYGPTEAAVDVSW
asn	Q93I55_m2	YWASFDLTVTSTKLIVGGECNEYGPTETVVGCMI
asp	O68008_m4	YWFSFDLGYTSSKLVLGGEMNHYGPTETTIGSVF
TCL	Q8GAQ5_m1	EGTMGGIIMLNAWGVNGGERPAFGMSETSGGITW
hpg	Q7WZ66_m1	LNPAFDASLFEVHLLTGGDRHLYGPTETTLCATW
orn	O87314_m3	MNHVFDMSWEEWNVLLGGEYNLYGPTEYTINTLG
orn	O30409_m5	VAWAFDVSTGDREAILGADINSYGVTEACIDTSY
hpg	Q70AZ7_m1	LDPAFDISLFEVHLLTGGDRHLYGPTETTLCATW
dhb	Q56950_m1	NASLFPLACPGGALQAGGAQQVFGMAEGLLCFTR
orn	O68007_m2	ATWAFDVFAGDRESIMGSDINSYGVTEASVDSGY
lys-b	O33743_m1	VLLHGDTSLEEPILVIGGELNTYGSTETALVTHA
gly	Q9L8H4_m2	FAMTFDIAALEHQGLVGGEVNLYGPTETTIWSTA
bmt	Q09164_m5	LPSAFDASIWETTLYTGGDFSGYGPTENTVISTI
lys	Q7TYQ8_m1	YDHWFDAAWQPADTALGGEFNCYGPTETTVEAVV
hpg	Q93N87_m2	LETAFDISLFEVHVLTGGDRHLYGPTEVSLCATW
bht	Q939Z0_m3	LAHSFDAIVSEMTVLTGGEIQAYGPTETTICSTM
ser	Q9FB23_m1	RWMTFDVSMWEWHFVCSGEYNLYGPTEAAVDVTA
gln	O66069_m1	LGLAFDASVQQTDGLVGGETNVYGPTETCVDASS
asp	O85168_m8	FVLAFDMSIKGSDSLLGGEYNMYGPTECTVDATI
asn	Q9FB27_m1	YWCTFDLTLTTGKLVVGGEVNEYGPSETVVGSVA
arg	O85168_m5	VAWAFDVFSADRDFVCGSDVQAYGVTEASIDSTC
ala	Q9X2N4_m1	FWMAFDLSVMAPVSFFCGEYNTYGPTEATVAVTS
asn	Q93I54_m1	YWASFDLTITSTKLIVGGDFNEYGPTETVVGCMI
thr	Q9I182_m1	LATHFDFSVWEGNQIFGGEVNMYGITETTVHVTY
ser	O85168_m1	RWATFDLSVWELHFLCSGEHNLYGPTEAAIDVTA
pro	Q44928_m1	LFTTFDVCYQESSFITAGEHNHYGPSETHVVTTY
bht	Q939Z1_m2	LAHAFDTIVSEMKAVAAGEINAYGPTETTICATM
val	Q83VS0_m1	LNNSFDASTLDAWMIVGGDLNGYGPTEATTFSTT
asn	Q93I56_m1	YWASFDLTVTSTKLIVGGEFNEYGPTEAVVGCMI
dht	Q83VS1_m4	LATHFDFSVWEGNQIFGGEVNMYGITETTVHVTY
dab	Q83VS0_m10	YDANFDLSVEEPHLNVTGDINTYGPTEATVSCTA
thr	Q884E5_m2	LATHFDFSVWEGNQIFGGEINMYGITETTVHVTY
ile	Q84BQ4_m3	LNNSFDASTMDGFVLCGGEVHCYGPTETTTYATT
cys	Q8CZT9_m1	TEIAFDLSVYDGNSLLSGDTTLGGATEAAIWSNA
dhpg	Q8KLL4_m1	LDPAFDASLYDVNFLAGGDWHTYGPTETTLCATW
thr	Q9RK14_m2	LNTHFDFAVWEGNQIFGGEVNMYGITETTVHVTH
abu	Q09164_m6	LDTSWDAATWETFFHTAGDFNVLGHTENTAYSTF
aad	P19787_m1	SDLSFEPFVRQMNGILVGELNEYGFTESAFVTAL
vol	Q8NJX1_m18	VRQSFDACIIETILILVGEHNGYGPAEACVTSTN
phe	O94205_m2	NPLCFDLLIVELGSMQAGEINAYGPAECSVGALA
val	P94873_m3	FGLSFDFSVEQLSGLVAGEYNAYGTTETTVYNLV
ser	P11454_m1	RWMTFDVSVWEWHFFCSGEHNLYGPTEAAVDVSW
thr	O87314_m2	LGTHFDFSVWEGNQIFGGEVNMYGITETCVHVSH
val	P19787_m3	LALSFDFSVEQLSGTAAGEYNAYGVTETTVYNII
trp	Q93N89_m2	LDRVFDVSMADPVMVSGGDHNEYGVTEATVVSTV
thr	O68487_m1	LATHFDFSVWEGNQVFGGEVNMYGITETTVHVTH
asp	Q884E3_m1	YGVSADLGHTLGKIMLGGEVNHYGPTETTVGILT
dhb	Q8ZR32_m1	SRSIYAMSSPGGALQVGGAQQVFGMAEGLVNYTR
tyr	Q8KLL3_m2	LAQAFDATVSEMTVVVAGEINAYGPTEATVCAAM
thr	O87704_m2	LHQHFDFSVWEGNQIFGGEINMYGITETTVHVTY
pip	Q9KID8_m1	LWQVFDYSVQESYACQGGEHNHYGPAESQLITGY
leu	Q45295_m2	TNTSFDAFMFDGMILFGGELHMYGPSESTVFTTY
aad	P40976_m1	YWMSHDPIQRDTHLFFVGDVNMYGTTETQRSVSY
pro	Q9RAH4_m3	LWHAFDVSFQETFLITAGEHNHYGPSESHLATSF
phe	O68008_m2	LAVAFDASAFEPTLVSAGSINAYGPTETTVCATA
bht	Q70AZ7_m3	LAQAFDAAISEMTVIVAGEINGYGPTETTVCATM
leu	Q8G982_m1	NRTSFDASVLDWFFFCGGEHNLYGPTETSVDATC
thr	Q9RLP6_m2	LTLHFDYSVWEGSQVFGGEINMYGITETTVHASF
abu	Q54959_m2	LDTSFDTSQYEVWLWTGGDADGYGPTETTTFATH
gly	Q9Z4X5_m2	FDMTFDIAGLELQALVGGETNLYGPTEATIWATA
dhpg	Q7WZ75_m1	LDEAFDPSLYAVHLGTGGDRNTYGPTETTLCATW
dhb	Q9FDB2_m1	SASLFPLSSPGGALQVGGAQQVFGMAEGLVNYTR
iva	Q8NJX1_m15	SAIAFDLSIGEAFLLLAGEINGWGPAETCVFSTL
tyr	Q83VS0_m12	LDNSFDASSPEGFSECGGEFNGYGPTEATTCATR
ala	Q8Y8D4_m1	FWIAFDLSVMDPVSLFCGEYNTYGPTEATVAVTQ
trp	Q9Z4X6_m3	LIFLFDASFWEMSLVVGAELNSYGPTETTVCSTM
leu	O68006_m3	LWHAFDAFVWEPFLLTGGDVNNYGPTENTVVATS
sal	Q9RFM9_m1	NASLFTLCCPGGALQVGGSQQVLGMAEGLICYTR
dht	Q83VS0_m8	LATHFDFSVWEGNQIFGGEVNMYGITETTVHVTY
iva	Q8NJX1_m12	SAIAFDLSIGEAYLLLAGEINGWGPAETCVFSTL
val	Q9L8H4_m3	LDPSFDASTYEVWLWTGGEVDGYGPTETTTFATH
gly	Q8P449_m1	FAMTFDIAGLELQALVGGETQLYGPTETTIWSTI
tyr	Q7WZ66_m2	LAQAFDAMVSEMTVVVAGEVNAYGPTEATVCAAM
leu	Q09164_m8	LQSSFDASIWETLFYIGGDYNAYGPTENTVMSTI
gln	Q93I55_m3	LGLAFDASVQQADGLIGGETNVYGPTETCVDASL
aad	P94873_m1	ADLAFEPFMRQINGLLVGEINEYAFTETAFVTAI
ala	Q09164_m11	LDSTFDVSLFEAIFYVAGDYNAYGPTENAILSTI
ala	P68876_m1	FWMAFDLSVMAPVSFFCGEYNTYGPTEATVAVTS
thr	O85168_m7	LATHFDFSVWEGNQVFGGEVNMYGITEITVHATY
bht	O52819_m2	LAHAFDTIVSEMKAVAAGEINAYGPTETTICATV
glu	P94459_m2	FSLTFDASIWEWHFFSGGETNSYGPTEATVEAAF
ser	Q9RNB1_m1	RWMTFDVSVWEWHFFCSGEHNLYGPTEAAIDVTY
val	Q8NJX1_m4	SAMAFDMSVGEPFFLIGGEINGWGPVETCVCSSW
LEU	Q44928_m4	CWRFFDGFVASAYGTLGGENNEYGPTENSVVTTI
thr	Q84BQ5_m1	LATHFDFSVWEGNQIFGGEVNMYGITETTVHVTY
asp	Q9Z4X6_m5	YRASFDLTITATKAILGGEINAYGPTESTVNITD
trp	Q8CJX2_m2	LIFLFDGGFWEMAIVVAAERNSYGPTETTVCATM
pro	O07944_m1	LWHTFDVAAQEAYAAQAGEHNHYGPAETHVMTGT
phe	Q9RLP6_m1	LVLHFDASVWENTQAVVGEINAYGPTETTICVTS
leu	P27206_m2	TETSFDAFMFDGMIMFGGELHMYGPSESTVFATY
dhb	Q8XBV3_m1	SRSIYAMSSPGGALQVGGAQQVFGMAEGLVNYTR
cys	Q9C1G0_m2	LSLSFDHFVEQDSGDCVGEINGYGPTEVSITTSK
val	Q83VS1_m2	LNNSFDASTLDAWMIVGGDLNGYGPTEATTFSAT
iva	Q8NJX1_m1	SAIAFDLSIGEGYLLFAGEINGWGPAETCVFSTL
ala-d	Q09164_m1	LGTAFDLSTWETFLYAIGDYNAYGPTENSVVSTI
leu	Q84BQ5_m3	LWHAFDAMAWEPFLLIGGDINNYGPTEATVVATS
gly	Q81QP7_m1	FAMTFDISALELQALVGGETNLYGPTETTIWSTV
thr	Q83VS0_m5	LATHFDFSVWEGNQIFGGEVNMYGITETTVHVTY
4pPro	Q54356_m1	SVMAFDVSVASGLSVFAGDLNIYGPTETNGCTYE
gly	Q81DQ0_m1	FAMTFDISALELQALVGGETNLYGPTETTIWSTF
ser	Q9KWY8_m1	RWGTFDVSVWEWHFFCSGEHNLYGPTEAAIEVTH
tyr	Q93N87_m3	LAQAFDAAVSEMTVVVAGEINAYGPTETTVCASM
tyr	P39846_m1	TWRFFDGCVTSTIITFAGEANEYGPTENSVATTI
thr	Q9I182_m2	LATHFDFSVWEGNQIFGGEVNMYGITETTVHVTY
ser	Q9R9I9_m1	RWMTFDVSVWEWHFFASGEINLYGPTEATIDVSY
asn	Q9R9J0_m2	YWASFDLTVTSTKLIVGGECNEYGPTETVVGCML
dhb	P10378_m1	SRSIYAMSSPGGALQVGGAQQVFGMAEGLVNYTR
hpg	Q8KLL5_m1	LEPAFDISLFEVHLLTGGDRHLYGPTETTLCATW
CYS	Q8GGP3_m1	LWCTFDLSVFDGNSFLSGDISLGGATEATVWSNW
ser	Q884E4_m2	RWMTFDVSVWEWHFMCSGEFNLYGPTEAAIDVTH
aad	Q01757_m1	SDLAFEPHLRQINALLVGEVNEYAFTEAAFVTAV
asn	Q9FB23_m2	YWASFDLTVTAAKIVAGGEVNEYGPTETTVGCCA
ala-b	Q9FB18_m1	RWMTFVDAVWEGVTITSGELNLYGSSETAADATA
val	P25464_m3	LSLSFDFSLEQLSGTAAGENNAYGITETTVYNII
cys	Q9RFK8_m1	TDMSFDLSVYDGNSLMSGDVSLGGATEASIWSIL
arg	Q9S1A7_m1	TYNTFDVSVWELTCIVGGEYNAYGPTEVAVETTI
TYR	Q9RAH1_m1	LAQAFDASISEMTLIVAGEFNAYGPTEASVCATI
gln	Q8NJX1_m17	TGYSFDGSLGEGMLVLGGEFNGYGPAEACNYATT
pro	Q9KWY7_m1	LSAAFDVSLLEMLLVMAGEFNGYGPTEATVLATI
ser	Q93I54_m2	RWMTFDVSVWEWHFFASGEINLYGPTEATIDVSY
LEU	Q84BQ6_m1	LWHAFDAMAWEPFLLIGGDINNYGPTEATVVATS
ala	P39581_m1	FWIAFDLSVMDPTSMFCGEFNTYGPTEATVAVTS
lys	O68007_m1	YAFVFDAFSEEPSCISGGDYNSYGPTEATVCATY
ser	Q8Z8L5_m1	RWMTFDVSVWEWHFFCSGEHNLYGPTEAAVDVSW
dhpg	O52821_m1	LDSAFDPSLYAVHLGTGGDRNTYGPTETTLCATW
phe	O30408_m2	SWNLFDAFALTTVFMLGGEMNAYGPTESSVMATY
dhb	Q8GA86_m1	SRSLYPLSSPGGALQVGGAQQVFGMAEGLVNYTR
gln	Q9R9J0_m3	LGLAFDASVQQADGLIGGETNVYGPTETCVDASL
ile	P94460_m1	LNSGFDAVTFEGFLYVGGEHNIYGPTENTTFSTF
ala	Q53526_m1	FWMPFDLSVMYPTSYFDGEVNAYGPTEATVALSA
leu	Q04747_m3	LWDAFDASIWEPFLLTGGDVNNYGPTENTVVATS
cys	P26046_m2	LSLSFDHFVEQDSGDCVGEINGYGPTEVSITTHK
hpg	Q8KLL5_m2	LDPAFDASLFEAHLLTGGDRHLYGPTETTLCGTW
glu	O30981_m1	FGMTFDASVWQWHFFAGGEVHGYGPTEATVDAAF
ala-b	O87313_m2	RWASFIDGTTEALAIVSGEVNSYGSSEVAGDVLA
phe	P14687_m1	LFFAFDASVWEMTLITAGSINAYGPTETTICATT
orn	Q9RK14_m1	RWQAFDISINELYLWCGGEYHGYGPAETTIGVSH
ORN	O87606_m2	AAWAFDVFSGDRESILGSDINSYGVTEATIDSSY
ala	Q83VS0_m3	FWATFDLAVYEANTNVAGECNLYGPSETTTYSSW
ser	Q8XBV9_m1	RWMTFDVSVWEWHFFCSGEHNLYGPTEAAVDVSW
dhb	Q8FXQ0_m1	SASLYPMSSPGGALQVGGAQQVFGMAEGLVNYTR
bht	O52820_m3	LAHSFDAIVSEMTVLTGGEIQAYGPTETTICSTM
asn	O52819_m3	YHCSFDLTITATKALLGGEVNEYGPTEATVGCVE
orn	P39845_m2	AAWAFDVFSGDRESILGSDINSYGVTEATIDSSF
lys-b	Q8VM38_m1	VPLHGDTSLEEPVLVIGGELNTYGSTETALVTHA
bht	Q7WZ74_m3	LAQAFDAAVSEMTVVVAGEINAYGPTETTVCATM
ala	Q92D47_m1	FWIAFDLSVMDPVSLFCGEYNTYGPTEATVAVTQ
lys	O86329_m1	YWFAFDVSIAEGHFPIGGEHNFYGPTETVINASR
cys	Q9FB18_m2	TCVSFDLAVYDGNSLLSGDMSLGGATEASIWSVW
pro	P94459_m1	LFEAFDVCYQESFLIAAGEHNHYGPSETHVVSTY
pro	Q93I55_m4	LYEAFDVCYQESFLIAAGEHNHYGPSETHVVTMY
phe	O05647_m2	VPLAFDAALWELTLVVAGETNAYGPTEAAVCTTI
thr	Q51338_m2	LATHFDFSVWEGNQIFGGEVNMYGITETTVHVTY
phe	Q8GAQ3_m1	LVQAFDASIWEMTLVVAGEVNAYGPTESTVCATM
aeo	Q01886_m4	AALNFDVMLLDGLLCLTGEIAGYGPTETCIMSVS
ala	Q88VM6_m1	YWMPFDLSVMDPVSLFCGEFNTYGPTETCVAVTQ
dhpg	Q8KLL6_m1	LDAAFDASLYEVHLGTGGDRNTYGPTETTLCATW
pip	Q9ZGA6_m1	LWQVFDYSVQESYACQGGEHNHYGPAESQLITGY
gly	Q8NJX1_m2	SAISFDISVGEAMLVFVGEINGWGPAETCVLSTI
val	P27742_m3	LALSFDFSIEQLSGTAAGEYNAYGITETTVYNIV
tyr	Q70AZ9_m2	LAQAFDAMVSEMTVVVAGEVNAYGPTEATVCAAM
iva	Q8NJX1_m16	SAIVFDLCLGELFLLLAGEWNGWGPAETCLFSSL
glu	O30980_m2	FSLTFDASIWEWHFFSGGETNSYGPTEATVEAAF
glu	P27206_m1	LSLPFDASVKQADGLIGGETNVYGPTETCVDASV
hpg	Q93N87_m1	LEPAFDISLFEVHVLTGGDRHLYGPTEVSLCATW
leu	O52819_m1	LDPSFDASLFETYLLTGGDRNMYGPTEATMCATW
ser-thr	Q7TYQ4_m1	TTFACDMSVLDANFAVGGDAGLGGATETAVHATI
glu	Q9RNB3_m1	VSLAHDPSIRNLHTSVGGEINVYGSTETCVGVSQ
ala	Q8NJX1_m8	SSLSFDIILFESVLVVAGEANGWGPTECSVIACL
cys	P27743_m2	LSLSFDHFVEQDSGDAIGEINGYGPTEISITSHK
ORN	Q44928_m3	VAWAFDVSAGDREAIVGSDVNSYGVTEACIDSSY
aad	P25464_m1	SDLSFEPFVRQMHAILVGELNEYGFTESAFVTAL
ile	Q45563_m1	LNSGFDAVTFEGFLYVGGEYNIYGPTENTTFSTF
tyr	Q93I55_m1	SWKYFDAFILNGSTVVGGENNEYGPTENSVVSTF
thr	Q9K5M1_m3	LATHFDFSVWEGNQIFGGEVNMYGITETTVHVTY
glu	Q9L6D0_m1	RCMAFDVSVWEWHFFSGGKHNRYGPTETAINVTH
phe	O07944_m2	TAQAFDAAVWESALIVAGDVNAYGLTETTVCATM
dhb	Q83M10_m1	SRSIYAMSSPGGALQVGGAQQVFGMAEGLVNYTR
dhpg	Q939Y9_m1	LDAAFDPSLYAVHLGTGGDRNTYGPTETTLCATW
hpg	Q93N86_m1	LDPAFDASLFEVHLLTGGDRHLYGPTETTLCATW
gln	Q8NJX1_m6	SGHSFDGSLGETMLVLGGEVNGYGPAEACNYATT
cys	O85740_m1	TDIAFDLSVYDGNSLWSGDVQPGRRTEAAIWSIE
pro	Q9L8H4_m1	LWHTFDVSAQESFAAQAGEHNHYGPTETHVVTAH
tyr	P94459_m3	TWRFFDGFITSTIITLAGEANEYGPTENSVATTV
dhb	Q81QP9_m1	SVSLYPMSSPGGALQVGGAQQVFGMAEGLVNYTR
hpg	Q939Z0_m2	LDPAFDASLVEVHLLTGGDRQLYGPTEITLCATW
ser	Q8ZR37_m1	RWMTFDVSVWEWHFFCSGEHNLYGPTEAAVDVSW
ser	Q84BQ4_m2	RWMTFDVSVWEWHFMCSGEHNLYGPTEAAVDVTA
leu	O66069_m2	TNTSFDAFMFDGMILFGGELHMYGPSESTVFTTY
val	Q09164_m4	LNSSFDASSWEAMLFAAGDFNAYGPTENTILSTI
leu	Q9S1A8_m1	LWHAFDAAVWEPFLLTGGDINNYGPTENTVVTTS
lys	Q7D791_m1	YWFAFDVSIAEGHFPIGGEHNFYGPTETVINASR
dht	Q9FDB3_m1	LATHFDFSVWEGNQIFGGEVNMYGITETTVHVTY
gly	P45745_m1	FSMTFDISALELQALVGGETNLYGPTETTIWSAA
val	Q83Y49_m1	LGTAFDASTFEGWLLTGGDTICYGPTEGTVFTTA
leu	Q939Z1_m1	LDASFDASLFEMYLLTGGDRNMYGPTEATMCATW
asn	Q9R9J1_m1	YWASFDLTVTSTKLIVGGEFNEYGPTEAVVGCMI
asp	Q84BQ6_m2	MWGAFDSSVWEWKFLNGGGHNVYGPTETTVDSTG
ala	Q83VS0_m9	FWATFDLAVYEANTNVAGECNLYGPSETTTYSSW
dhb	Q8Z8L1_m1	SRSIYAMSSPGGALQVGGAQQVFGMAEGLVNYTR
cys	O68006_m2	TDISFDLSVYDGNSLLSGDISLGGATEGSIWSIY
gln	O30409_m2	HWMTFDASVWELQMFCGGEINLYGPTETTIDATY
cys	Q9HWG4_m1	TDIAFDLSVYDGNSLWSGDFSLGGATEAAIWSIE
gln	Q9K5M2_m1	HWMTFDASVWEAQLFCGGEHNLYGPTETCIDATF
asp	O69246_m2	YWFSFDLGYTSPKLVLGGEINHYGPTETTIGAIA
ILE	Q9RAH4_m1	LNTAFDAATFEGFLLFGGELHVYGPTENTTFSSW
cys	Q8ZF24_m1	TDISFDLSVYDGNSMLSGDIAMGGATEASIWSNA
gln	Q45295_m1	LGLAFDASVQQTDGLVGGETNVYGPTETCVDASS
ile	O68006_m5	VNTSFDGSVFDGFILFGGEIHVYGPTESTVYATY
hpg	O52820_m2	LDPAFDASLVEVHLLTGGDRQLYGPTEITLCATW
val	Q45675_m1	LNAGFDAGTFEGWLIIGGDWNGYGPTENTTFSTS
ala-b	O76858_m1	RWQTFVDSIAEGVLVCSGEYNFYGSTEVLGDVTY
asn	Q9R9I9_m2	YWASFDLTVTSTKLIVGGDFNEYGPTETVVGCMI
orn	O87313_m1	RWQAFDISVNELYLWCGGEYHGYGPAEATIGVSH
arg	Q8RTG4_m1	TYATFDVSVWELTCIVGGEYNAYGPTEVAVETTI
cys	P19828_m1	TAISFDLSVYDGNSMLSGDIAMGGATEASIWSNV
alaninol	Q9RLP6_m4	VTLHFDVSVWEGYQVVAGEINAYGPTESTIYAAI
hpg	Q7WZ74_m1	LEPAFDISLFEVHLLTGGDRHLYGPTEATLCATW
ser	Q9Z4X6_m1	RWMTFDVSVWEWHFFCSGEHNLYGPTEAAVDVTY
leu	O66070_m3	LWHAFDASVWEPFLLTGGDVNNYGPTENTVVATS
ser	Q8NJX1_m10	NALSFDVSVGEQYLLLAGEINAWGPAETCVYNTL
tyr	O87704_m1	TWRFFDGCVTSTLITFAGEANEYGPTENSVATTI
dhb	Q8FK18_m1	SRSIYAMSSPGGALQVGGAQQVFGMAEGLVNYTR
hpg	Q70AZ7_m2	LDPAFDASLLEVHLLTGGDRHLYGPTETTLCATW
thr	Q9K5M2_m2	LATHFDFSVWEGNQIFGGEVNMYGITETTVHVTY
asn	O30409_m1	YWASFDLTVTSTKLIVGGEFNEYGPTETVVGCMI
leu	Q9RAH4_m4	LWHAFDAAVWEPFLLTGGDVNNYGPTENTVVTTS
ala	Q9RLP6_m3	LALHFDVSVWEGCQIVAGEINAYGPTEATIYAAM
orn	Q9RK14_m3	MNHVFDMSWEEWNVLLGGEYNLYGPTEYTINTLG
his	O68008_m3	TWRPFDSSVEDTLATVAGEFNEYGPTENSVCSTR
leu	Q45675_m3	LWHAFDASIWEPFLLTGGDVNNYGPTENTVVATS
D-lyserg	Q8J0L6_m1	AVYAFDVTIFDMSVVLGGEIRLYGASECTVMSIQ
hpg	Q8KLL3_m1	LNPAFDASLFEVHLLTGGDRHLYGPTETTLCATW
glu	P39847_m1	FGMTFDASVWQWHFFAGGEIHGYGPTEATVDAAF
leu	Q84BQ5_m2	LWHAFDAMAWEPFLLIGGDINNYGPTEATVVATS
ile	O66071_m1	VETSFDGFTFDGFVLFGGEIHVYGPTETTVFATF
ala	Q9CG49_m1	FWMAFDLSIFSPISILCGEYNTYGPTEATGAISS
asp	Q9Z4X6_m4	YRASFDLTITATKAILGGEINAYGPTESTVNITD
asp	Q9Z4X5_m1	YRASFDLTITATKAILGGEINAYGPTESTVNITD
val	Q8NJX1_m14	SSYSFDASIAEALLILGGEFNAWGPTESCVFGSL
leu	Q45295_m3	LWHAFDASVWEPFLLTGGDVNNYGPTENTVVATS
leu	O69246_m3	LWHAFDASVWEPFLLTGGDVNNYGPTENTVVATS
glu	Q9I157_m1	RWMAFDVSVWEWHFFSGGEHNRYGPTETAINVTH
val	Q9FDB3_m3	LNNSFDASTLDAWMIVGGDLNGYGPTEATTFSAT
hpg	Q9Z4X6_m6	LDHAFDVSCYEVHLLTGGDRHLYGPTETTLCVTQ
glu	O68006_m4	LGLAFDASVKQADMIVGGDTNVYGPTECCVDAAS
ala	Q83VS0_m2	FWATFDLAVYEANTNVAGECNLYGPSETTTYSSW
arg	Q9RNA9_m1	TYNTFDVSVWESTCIVGGEYNAYGPTEVAVDATV
ile	Q9K5L9_m1	LNTAFDAATFEGFLLFGGELHVYGPTENTTFSSW
cys	P94873_m2	LSLSFDHFVEQDSGDAIGEINGYGPTEISITSHK
ala	O94205_m1	CSSAFDLSLFEAFLCLGGEISGYNPAECCPLGIS
ser	O85168_m2	RWATFDVSVWELHFLCSGEHNLYGPTEAAIDVTA
hpg	O52820_m1	LEPAFDISLFEVHLLTGGDRHLYGPTEATLCATW
ala	P35854_m1	YWNPFDLSVMDPVSLFCGEYNTYGPTEATVAVTG
gly	Q09164_m7	LNSSFDISVQETMFFNVGDYNAYGPTENGMQSTM
iva	Q8NJX1_m5	SAIAFDLSVGECWFLLCGEFNGWGPAETCVFSSL
val	Q83VS1_m3	LNNSFDASTLDAWMIVGGDLNGYGPTEATTFSAT
dhb	Q9EZ79_m1	SASLYPMSSPASALQVGGAQQVFGMAEGLVNYTR
gly	Q9RAH2_m2	FSMTFDIAALELQALCGGEWNLYGPTETTIWSSI
LEU	Q84BQ4_m1	LWHAFDAMAWEPFLLIGGDINNYGPTEATVVATS
ile	Q84BQ4_m4	LNNSFDASTMDGFVLCGGEVHCYGPTETTTYATT
phe	P09095_m1	LFFAFDASVWEMTLITAGSINAYGPTETSICATI
cys	P19787_m2	LSLSFDHFVEQDSGDCVGEINGYGPTEVSITTHK
val	O30409_m4	LHTGFDAMTFEGWLIVGGEWNGYGPTENTTFSTC
asn	Q939Z1_m3	YHCSFDLTVTATKALLGGEVNEYGPTEATVGCVE
ala	Q01886_m2	GEHAFDASIGDTGICVAGEINMYGPTEATVACIA
val	O68487_m2	LDPSFDASTYEVFLWTGGEVDVYGPTETTTFATH
valhyphaa	Q00869_m2	LSDFFDGAIWEWFFIVGGEANIYGPTEAGIISTC
phg	O07944_m4	LDRSFDISTFEALLWTGGDKTLYGPTETTLGCTW
orn	O87314_m1	MNHVFDMSWEEWNVLLGGEYNLYGPTEYTINTLG
ala	Q99ZA6_m1	FWMPFDLSVMYPTSYFDGEINAYGPTEATVALSA
val	Q04747_m1	LNAGFDAGTFEGWLIIGGDWNGYGPTENTTFSTS
ser	Q84BQ5_m4	RWMTFDVSVWEWHFMCSGEHNLYGPTEAAVDVTA
ile	O68008_m1	VNTSFDGSVFDGFIFLGGEIHVYGPTESTVYATY
tyr	Q9R9J0_m1	SWKYFDAFILNGSTVVGGENNEYGPTENSVVSTF
gly	Q8PFQ6_m1	FAMTFDIAGLELQALIGGETQLYGPTETTIWSTI
aad	P27742_m1	SDLSFEPFVRQMNGILVGELNEYGFTESAFVTAL
val	P27743_m3	FQLAFDFSVEQLSGLVAGELNAYGTTETTVYNTV
ala	Q83VS1_m1	FWATFDLAVYEANTNVAGECNLYGPSETTTYSSW
gly	Q50858_m1	FTMTFDIAALELQALCGGEWNLYGPTETTVWSCR
ala	Q8K744_m1	FWMPFDLSVMYPTSYFDGEINAYGPTEATVALSA
dhb	Q840D1_m1	SESLFSMSSAGGCLQVGGAQQVFGMAEGLVNYTR
cys	Q9RFM8_m1	TALSFDLSVFDGNSLLSGDHVLGGATEAGIWSNL
ala	Q9FDB3_m5	FWATFDLAVYEANTNVAGECNLYGPSETTTYSSW
val	Q09164_m9	LNSSFDASSWEAMLFAAGDYNAYGPTENTVLSTI
cys	O85739_m1	TALSFDLSVFDGNSLLSGDHVLGGATEAGIWSNL
val	P39847_m2	LNSSFDVGSFEGWLIIGGEWNGYGPTENTTFSTC
pro	O30408_m1	LFTTFDVCYQESSLITAGEHNHYGPSETHVVTTC
hpg	Q70AZ9_m1	LNPAFDASLFEVHLLTGGDRHLYGPTETTLCATW
ala	P0A398_m1	FWMPFDLSVMYPTSYFDGEINAYGPTEATVALSA
thr	Q52400_m1	LSTHFDFSVWEGSQVLGGEINMYGITEATVHTTF
thr	Q884E4_m1	LATHFDFSVWEGNQIFGGEINMYGITETTVHVTY
leu	Q09164_m10	LQNSFDASVWETLLYIGGDYNAYGPTENSVMSTI
ala	Q83VS0_m7	FWATFDLAVYEANTNVAGECNLYGPSETTTYSSW
iva	Q8NJX1_m9	SAIAFDLSIGEGYLLLAGEINGWGPAETCCFSTL
ser	Q83VS0_m6	RWATFDVSVWELHFLCSGEHNLYGPTEAAIDVTA
dhpg	Q70AZ6_m1	LDAAFDPSLYEVHLGTGGDRNTYGPTETTLCATW
phe	O30408_m3	LVFAFDASVWDGTLITAGSVNGYGPTESTVCATL
LEU	Q8GAQ6_m1	FGTSFDASVIDFAALTGADINGYGPTEGTCACAA
ala	Q9S1A9_m2	LWSTFDLSVFELNTNFAGEYNLYGPSEDTTYSTF
aad	P26046_m1	SDLSFEPFVRQMNGILVGELNEYGFTESAFVTAL
pip	P95819_m1	QVTLFPFGCPGGSVQVGSAQQVFGMAEGLLTFTR
dab	Q83VS0_m11	YDANFDLSVEEPHLNVTGDINTYGPTEATVSCTA
phe	O85168_m6	LDNSFDASTPEGISMCGGEFNGYGPTEGTTCATS
thr	Q54959_m1	LSTHFDFSVWEGNQVFGGEVNMYGITETTVHVTH
gly	Q9Z5F4_m1	FCMTFDIAALELQALCGGEWNMFGPTETTIWSTM
tyr	O30980_m3	TWRFFDGFLTSTIITLAGEANEYGPTENSVATTA
3-me-glu	Q8CJX2_m1	FHCSFDQSVGSAKGTLGGEVNVYGPTEATGHCLE
ala	P59591_m1	FWMPFDLSVMYPTSYFDGEVNAYGPTEATVALSA
ala	Q8NJX1_m3	SDISFDVSVGELFLVLAGEVNGWGPAETCVLSAI
dhb	Q8CV01_m1	SKSLFTMSSPGGSLQVGGAQQVFGMAEGLVNYTR
leu	O30409_m6	CWRFFDGFVASAYGTLGGENNEYGPTENSVVTTI
dpg	Q7WZ65_m1	LDPAFDASLYDVNFAAGGDWHTYGPTETTLCATW
leu	Q09164_m2	LQTSFDASIWETLFYVGGDYNAYGPTENTVMSTL
glu	Q7WRI6_m1	VSLAHDPSFRNLHTSCGGEVNVYGSTETCVGVSQ
pro	O94205_m3	AYMSWDIPVTEVLWVFAGEVQGYGPAECSLISTV
ala	Q9RNB1_m2	LWSTFDLSVFELNTNLAGEYNLYGPSEDTTYSTF
val	Q9C1G0_m3	LSLSFDFSLEQLSGTAAGENNAYGITETSVYNIV
arg	Q93LR1_m1	TYATFDVSVWESTCIVGGEYNAYGPTEVAVETTI
