unknownSpec	Q8XS39_m2	RWATFDVSVWEWHFLCSGEHNLYGPTEAAIDVTA
unknownSpec	Q65E02_m1	FSMTFDISALELQALVGGETNLYGPTETTIWSTA
unknownSpec	Q7N2F0_m1	RGFAFDVSVEESSLMIGGELNGYGPTENTVTVTY
unknownSpec	Q5YV27_m4	FECAFDAAMLDFFILVGGEYNVYGPTETTIVTMM
unknownSpec	Q5B7I5_m1	SGHAFDLSIYEGSLALVGEINAYGPAECSVVSTV
unknownSpec	Q4ZT67_m5	LATHFDFSVWEGNQIFGGEVNMYGITETTVHVTY
unknownSpec	Q70KJ6_m3	LWHAFDASIWEPFLLVGGDINNYGPTENTVVATS
unknownSpec	Q52US9_m1	SGHAFDPSLMEMMAWTMGECNAYGPTEAAINTTL
unknownSpec	Q7NUA0_m3	LGNAFDASTLEGWLMVGGDLNCYGPTETTTFATT
unknownSpec	Q4ZV34_m2	HAVYFDAATERVGFITGGEFNAYGPTETVVMPLA
unknownSpec	Q5D6D4_m1	AAHAFDTSMEDTHLVLGGEIQVYGPSECCVTSTI
unknownSpec	Q7N850_m1	LSQAFDAMILEMVLLLAGEFNVYGPTECTAIVTS
unknownSpec	Q4ZV21_m1	YGLSADLGHTVGKIIVGGEINHYGPSETTVGVLT
unknownSpec	Q799M0_m1	LNSGFDAVTFEGFLYVGGEHNIYGPTENTTFSTF
unknownSpec	Q5DIS7_m1	RWMTFDVSVWEWHFVCSGEYNLYGPTEAAIDVTH
unknownSpec	Q50EC8_m1	YRTSFDLTVGAAKATLGGEFNVYGPTETTINCAE
unknownSpec	Q4ZT67_m1	LNNSFDASTLDAWMIVGGDLNGYGPTEATTFSTT
unknownSpec	Q5DIS9_m2	HATMFDGAHEGHVFCFGGDFNGYGPTETVVTPLL
unknownSpec	Q881Q4_m2	LWHAFDAMAWEPFLLIGGDINNYGPTETTVVATS
unknownSpec	Q9UVN5_m3	SLLSFDIATFEGILCLAGEFNCYGPAEAACLAAT
unknownSpec	Q88F56_m1	RWMAFDVSVWEWHFFSGGEHNRYGPTETAINVTH
unknownSpec	Q847C3_m1	VSLAHDPSLRNLHTSAGGESNVYGSTETCVGVAQ
unknownSpec	Q8G983_m1	RWMTFDVSVWECHFICSGEHNLYGPTEAAIDVTY
unknownSpec	Q8U9P4_m1	RWTTFDLSIFEGNTNLAGEHNLYGPSEDTTYSTG
unknownSpec	Q73XY1_m1	TFISGDISVMDVHFPTGGDAGLGGATETPVHNTI
unknownSpec	Q81DB7_m1	YWMTFDVSVWEWQFFSGGETNFYGPTEATIYVNA
unknownSpec	Q7NUA1_m1	LATHFDFSVWEGNQVFGGEINMYGITETTVHVTY
unknownSpec	Q8G8C7_m2	LATHFDFSVWEGNQVFGGEVNMYGITETTVHVTY
unknownSpec	Q7N3P5_m1	LEKAFDAGVWEMCLILGGEFNAYGPTEITVCATT
unknownSpec	Q7DAG9_m2	LSLHFDASAWEGTQVVAGELNAYGPTETTICAAI
unknownSpec	Q5MBT9_m1	YTSLFDGNSG--ASLLGGELNAYGPTETTCASLM
unknownSpec	Q5YPH6_m5	QWLTFDLSVWEGCTLAIGEHNLYGPTEAAVSITA
unknownSpec	Q6YK39_m2	LNNHFDFSVWEGNQIFGGEINMYGITETTVHVTY
unknownSpec	Q884F8_m2	HAVYFDAATERVGFITGGEFNAYGPTETVVMPLA
unknownSpec	Q8YTR9_m2	LWATFDLSIFEVNTNLAGEYNLYGPSEDTTYSTH
unknownSpec	Q9K5M1_m2	HAIAFDVAAEEPNIAVGGDLNVYGPTEASVTAIV
unknownSpec	Q87WM7_m3	RWMTFDVSVWEWHFFSSGEHNLYGPTEAAIDVTH
unknownSpec	Q7UQ60_m1	TWRLFDAGLGMFVGWIGGEWNCYGPTEAAVEATA
unknownSpec	Q5AUZ6_m5	MANAFDVSIAEIFLTLGGEINSYGPAECSIWTSN
unknownSpec	Q63L18_m1	LWVTFDLSVYDGDSFCSGDVALGGATEATIWSNY
unknownSpec	Q7N239_m2	LDKAFDAGVWEMCLILGGEFNAYGPTEITVCATS
unknownSpec	Q8FGB9_m1	RWMTFDVSVWEWHFFSSGEINLYGPTEAAIDVSH
unknownSpec	Q70C52_m1	WALTFAISVKEAYTFVSIEWYIYGCTEINDMTYC
unknownSpec	Q884E6_m1	FLGAFDGFVEQPDLHVGGELNTYGPTEATVVSSI
unknownSpec	Q50JA3_m2	IVSAFDASVWEALLISGGEFNAYGPTETTIYATL
unknownSpec	Q5AR54_m1	VQTAYGMSLIECILVVAGEIQAFGLTEWAGICCV
unknownSpec	Q70JX5_m1	LNSGFDAVTFEGFLYVGGEYNIYGPTENTTFSTF
unknownSpec	Q5YPH7_m1	NWRTFDVSVWEWHFVASGEQNTYGPTEATVDVTA
unknownSpec	Q65NK5_m2	TNASFDAFMFDGMILFGGELHMYGPSESTVFTTY
unknownSpec	Q529N3_m4	AYQSFDASIWMRAMHVGGEFVGYGPSECNAAAVW
unknownSpec	Q7N3P5_m11	LNNAFDASTFEAWLIVGGDLNGYGPSEGTTFTTT
unknownSpec	Q10896_m1	FAIASDISVEEGDLVIGGELSSYGPTEATVVATF
unknownSpec	Q5J1Q6_m2	RWSAFDIALWEFHFLSGGEHQAYGPAEASISVTH
unknownSpec	Q4ZT75_m1	RWATFDVSVWELHFLCSGEHNLYGPTEAAIDVTA
unknownSpec	Q81DB4_m2	LGLAFDASIQQMDILVGGEYNVYGPTECTVDATC
unknownSpec	Q7A813_m1	LRNGFDAATFEGWLLIGGEINGYGPTENTTFTTT
unknownSpec	Q4ZTA6_m5	LWHAFDAMAWEPFLLIGGDVNNYGPTETTVVASS
unknownSpec	Q84BC8_m1	LAQAFDACISEMTLVVAGEFNAYGPTEASVCAAI
unknownSpec	Q5Z1X6_m3	LEQAFDASVFELVIITAGEFNAYGPTEATIMTSV
unknownSpec	Q93H58_m3	HWASFDLIVPNAKLVVAGEINEYGPTEASVGTTV
unknownSpec	Q5D6D5_m3	SAFAFDASCIESLLVSGGEINAYGPTECAVVAAT
unknownSpec	O31827_m1	LNSGFDAVTFEGFLYVGGEHNIYGPTENTTFSTF
unknownSpec	Q5YVZ9_m1	LDRLFDASLEQTTLVVGGDLNEYGPTEATVTAAC
unknownSpec	Q4ZT69_m1	LATHFDFSVWEGNQIFGGEVNMYGITETTVHVTY
unknownSpec	Q62C88_m2	NAMVFDVVLGEPWIIVAGELNGYGPTEAAIVVSL
unknownSpec	P14688_m4	CWRFFDGFVASAYGTLGGENNEYGPTENSVVTTI
unknownSpec	Q7N1E3_m1	SGRSFDSSIPAWLFICAGEVNEYGPTETTVWSSL
unknownSpec	Q6ZZJ5_m1	LDPAFDASLYDVNFLAGGDWHTYGPTETTLCATW
unknownSpec	Q7N848_m1	LAQAFDAAVLEMVLLLAGEFNVYGPTECTSIVTS
unknownSpec	Q7N3P5_m8	LATHFDFSVWEGNQIFGGEVNMYGITETTVHVTY
unknownSpec	Q70JZ9_m2	YWASFDLTVTSTKLIVGGECNEYGPTETVVGCMI
unknownSpec	Q5Z1S8_m1	TAVSFDASVYDGNCTLGGDSGLGGATETSIHNTI
unknownSpec	Q6YK40_m3	LDQAFDVCYQESFFITAGEHNHYGPSETHVVSTY
unknownSpec	Q6ZX13_m1	SAFSFDMSLSQLSAVCGGEFDGYGPTEITFCCAM
unknownSpec	O69826_m1	TDMSFDLSAFDGNTLLSGDVALGGATEASIWSNY
unknownSpec	Q7N5R3_m1	SAWAFDLSIGDRDFVCGADLGSYGVTEATIDSTV
unknownSpec	Q51XM7_m1	SAHSFDVSVTDTTAITGGEINIYGPAENSRITHH
unknownSpec	Q83Y48_m1	LALAFDVFMSDREFTCGADVSVYGVTEATCESAT
unknownSpec	Q8DTJ5_m1	LWHAFDASIWEPFLLTGAEYNNYGPTEYTVVATS
unknownSpec	Q62AR2_m1	LALAFDSLVKQVDCLVGGEYNVYGPTECTVDATL
unknownSpec	Q70C47_m4	WAGTFAVSVKESYLVTAGEWNNYGCTE-LNDATY
unknownSpec	Q70LM4_m3	MAYTFDVSVSEQSMEVGGDFNCYGPTEATVGTVI
unknownSpec	Q6GKC7_m1	LQNGFDAATFEGWLLIGGEINGYGPTENTTFTTT
unknownSpec	Q5YPK6_m10	QYITFDVSVWESYVLAIGEFNLYGPTEAAVSITT
unknownSpec	Q7WRQ4_m2	FWEAFDAYLREVHTVLGGEVNIYGASETTFVKHF
unknownSpec	Q63U38_m3	RWMTFDVSVWEWHFVASGEHNLYGPTEAAIDVSH
unknownSpec	Q9Z399_m1	TDISFDLSVYDGNSMLSGDIAMGGATEASIWSNA
unknownSpec	Q5Z0U1_m2	LAQAFDASVFETVIAVAGELNLYGPTEFSIWATG
unknownSpec	Q9KIZ9_m1	TDISFDLSVYDGNSLLSGDISLGGATEASIWSIG
unknownSpec	Q4ZT75_m8	FVLAFDMSIKGSDSLLGGEYNMYGPTECTVDATI
unknownSpec	Q9AMR5_m2	RWMTFDVSAWEWHFLCSGEHNLYGPTEAAIDVTS
unknownSpec	Q9FB27_m2	SARSFDSSVAGWLAIAAGEHNEYGPTETTVWSTV
unknownSpec	Q6ZX14_m1	NAASFDMALAQTQALSGGEFNGYGPTEATINANT
unknownSpec	Q529N3_m1	AYQAFDVAWSNHNILLSGEVNTYGPTECTFKCAF
unknownSpec	Q63CQ6_m2	LWLFFDGSVWEPVMSLAGEQNCYGPTEATVCSTV
unknownSpec	Q5Z1T0_m1	HSFSFDASLLDVHMPVGGERNHYGPTEAVVCSTH
unknownSpec	Q8YTR5_m1	RWMTFDVSVWEWHFICSGEYNLYGPTEAAIDVTF
unknownSpec	Q738J2_m1	FAMTFDISALELQALVGGETNLYGPTETTIWSTF
unknownSpec	Q5ATG8_m1	HAKSFDMSVVQCIACMGGETNCYGPTEITAAATF
unknownSpec	Q7N3P5_m3	LEKAFDAGVWEMCLILGGEFNAYGPTEITVCAAT
unknownSpec	Q6ZZJ4_m2	LDPAFDASLLEVHLLTGGDRHLYGPTETTLCATW
unknownSpec	Q6D738_m3	RWMTFDVSVWEWHFICSGEHNLYGPTEAAIDVTF
unknownSpec	Q9ZET7_m1	LVLHFDASVWENTQAVVGEINAYGPTETTICVTS
unknownSpec	Q70JX2_m2	LHKHFDFSVWEGNQIFGGEVNMYGITETTVHVTC
unknownSpec	Q5DIV9_m1	LATHFDFSVWEGNQIFGGEVNMYGITETTVHVTY
unknownSpec	Q88Z03_m5	YNIAFDIFGTEGQSMVGGEINIYGPTEGTVWTSM
unknownSpec	Q7N2F7_m3	RGVAFDVSVEESFLIIGSELNAYGPTENTVTATC
unknownSpec	Q5YV27_m2	LEQSFDASVLELFIIVGGEHNMYGPSEATVAATA
unknownSpec	Q6D739_m3	RWMTFDVSVWEWHFICSGEHNLYGPTEAAIDVTF
unknownSpec	Q6HXY8_m1	FVMAFDISLLELESLLAGESNIYGPTETTICATV
unknownSpec	Q8G8C7_m4	HAVMFDGAHERTAFCFGGDINGYGPTETVVTPLI
unknownSpec	Q9I179_m4	HATMFDGSHEGHVFCFGGDFNGYGPTETVVTPLL
unknownSpec	Q9AIT3_m1	QAGSFGLH-FGAAAVCGGEMPHFGLSETGALSTL
unknownSpec	Q8G8A6_m2	HATMFDGSHEGHVFCFGGDFNGYGPTETVVTPLL
unknownSpec	Q8CQA8_m2	LAWAFDASATDCSIITGGAVNAYGPSENTVITSC
unknownSpec	Q4ZT75_m7	LATHFDFSVWEGNQVFGGEVNMYGITEITVHATY
unknownSpec	Q88F79_m2	RWMTFDVSVWEWHFVCSGEYNLYGPTEAAIDVTH
unknownSpec	Q70KJ7_m2	TNTSFDAFMFDGMIMFGGELHMYGPSESTVFATY
unknownSpec	Q5BA09_m1	SDLSFEPFVRQMNGILVGELNEYGFTESAFVTAL
unknownSpec	Q63UA4_m4	YTVAFDASLEEATLSIGGEYNIYGPSECSIGSIV
unknownSpec	Q6XA09_m4	SAICFDVSVGETFLVVGGEHNGYGPTEGTVFAIG
unknownSpec	Q6WZB2_m2	YTLSFDVSVREWHFMTSGERNMYGPTETTVEMTD
unknownSpec	Q9F0D7_m1	LSHSFDGAFWDMTLVNVGEVNAYGPTESTVSATM
unknownSpec	Q9K5M1_m4	LAQAFDACISEMTLIVAGEFNAYGPTEGSVCATL
unknownSpec	Q4ZT67_m3	FWATFDLAVYEANTNVAGECNLYGPSETTTYSSW
unknownSpec	Q5DIP3_m2	HATMFDGSHEGHVFCFGGDFNGYGPTETVVTPLL
unknownSpec	O94116_m2	NVLCFDVSVFEFSLVTAGEYQGYGPSETTNICTV
unknownSpec	Q4ZVS0_m1	LGTAFDASTFEGWLLTGGDTICYGPTEGTVFTTA
unknownSpec	Q73TH8_m1	QFALHDMGIWGMGGTNGAEAPQYGLAEAGLGVTG
unknownSpec	Q6WZB2_m1	YGMTFDVSVYELHMFVSGEVNLYGATEVSVDSTW
unknownSpec	Q70LM5_m5	LDLIFDVSVSEMAMIVGGEINCYGPTETTVTATL
unknownSpec	O85019_m1	RWQAFDISVNELYLWCGGEYHGYGPAEATIGVSH
unknownSpec	Q6YK40_m2	YWAPFDLTVTSTKLIVGGECNEYGPTETVVGCMI
unknownSpec	Q5HKK6_m2	LAWAFDASATDCSIITGGAVNAYGPSENTVITSC
unknownSpec	Q5YPH7_m3	RWMTFDVSVPEWHFLCSGEHNLYGPTEAAVEVTC
unknownSpec	Q5YPH6_m3	RWMTFDVSVWEWHFFCSGEHNLYGPTEAAVDVTH
unknownSpec	Q70K00_m2	LNNHFDFSVWEGNQIFGGEINMYGITETTVHVTY
unknownSpec	Q84BC7_m2	RWMTFDVSVWEWHFICSGEHNLYGPTEAAIDVTF
unknownSpec	Q63SU2_m2	NNKAFDVSVWQIEVIVNGEINAYGPTEASDDITH
unknownSpec	Q4ZT68_m5	FWATFDLAVYEANTNVAGECNLYGPSETTTYSSW
unknownSpec	Q5YPH7_m4	QWLAFDVSVWELEYHCGGEHNAYGPTEAAISAVY
unknownSpec	Q63JT2_m4	LAMTFDIAALELQALCGGEWNLYGPTETTVWSTV
unknownSpec	Q9UVN5_m1	SAITFDISIFEGSLILGGEFNGFGPTETAIGCAM
unknownSpec	Q5DIU0_m2	NSKAFDISVWQAELLSTGEMNAYGPAECSDDVSF
unknownSpec	Q8YWC0_m1	LNTAFDAATFEAWLLAGGDINGYGPTENTTFTCC
unknownSpec	Q63JT1_m3	LWHAFDATTWEAFLLIGGDVNNYGPTEATVVATS
unknownSpec	Q5DIV7_m4	HATMFDGSHEGHVFCFGGDFNGYGPTETVVTPLL
unknownSpec	Q51QV4_m1	SELAFATSLVEAIFVVGGEFNGYGLSESSGMAAV
unknownSpec	Q9S1A8_m2	FWEAFDAYLREVHTVLGGEVNIYGASETTFVKHF
unknownSpec	Q88F78_m1	YGISADLGHTVGKIIVGGEVNHYGPTETTVGILS
unknownSpec	Q5DIS8_m1	HWMTFDASVWELQMCCGGEVNLYGPTEATIDACC
unknownSpec	Q8RTG5_m2	LWSTFDLSVFELNTNFAGEYNLYGPSEDTTYSTF
unknownSpec	Q01135_m4	SAHAFDVSIGETYLSLGGEINIYGPAETSIWSTA
unknownSpec	Q529N3_m3	NAHAFDVSTIESNIVLSGELNWYGPAEATVLTAS
unknownSpec	Q87W61_m3	LWYSFDLTQKNGNLVLGGEINSYGPTECSDVVAW
unknownSpec	Q8KSQ1_m2	LATHFDVSVWEGNQIFAGEINMYGITETTVHVTY
unknownSpec	Q740V0_m3	LSLHFDFSVWEGSQIFGGEINMYGITETTVHASF
unknownSpec	Q5Z1X7_m2	QWKTFDLSVWESHLLAIGEFNLYGPTEAAVSITN
unknownSpec	Q8U9P3_m1	LSMTFDIATLEMQALCGGEWNLYGPTETTIWSTC
unknownSpec	Q74QP0_m1	TEIAFDLSVYDGNSLLSGDTTLGGATEAAIWSNA
unknownSpec	Q50E74_m4	LACHFDFSVWEGSQVFGGEVNMYGITETTVHVTV
unknownSpec	Q5HJJ4_m2	LAWAFDASVMECSIITGGAFNAYGPSESTVITSY
unknownSpec	Q70LM5_m4	LWHAFDASVWEPFLLTGGDANQYGPTENAVVATA
unknownSpec	Q9FB33_m2	LHVTFDPSLEQWNVLVGGEFNLYGPTEATVDATC
unknownSpec	Q4ZV19_m1	YGVSADLGHTLGKIILGGEINHYGPTETTVGILT
unknownSpec	Q5DIV8_m1	FIAAFDGFVEQPDLHIGGELNTYGPTEATVVSSV
unknownSpec	Q5YPK6_m2	QWKTFDASVWEASFFVGGEVNLYGPTEFTVNATS
unknownSpec	Q9L6D0_m2	HAVYFDASTE-RGFITGGEFNAYGPTETVVMPLA
unknownSpec	Q884E5_m1	YGLSADLGHTVGKIIVGGEINHYGPSETTVGVLT
unknownSpec	Q5DIP4_m3	RWMTFDVSVWEWHFVCSGEYNLYGPTEAAIDVTH
unknownSpec	Q93H59_m2	HWASFDLVVPNAKLVVAGEINEYGPTEASVGTTV
unknownSpec	Q9I157_m2	HAVYFDAASERAGFITGGEFNAYGPTETVVMPLA
unknownSpec	Q50JA2_m1	LWYCFDVSVMDPFLITGGDMNIYGPAETTVASTA
unknownSpec	Q88F77_m2	HVSAFDGFVEQPDVHAGGELNTYGPTEATVTVTA
unknownSpec	O43103_m1	AALSFDLSIMDYLLISGGELNLYGPAEATLIAMN
unknownSpec	Q6XA09_m2	SAFAFDACLIESALFLVGEGNGYGPTECAAVATS
unknownSpec	P14688_m2	LNTGFDALTFEGWLIVGGDWNGYGPTENTTFSTC
unknownSpec	Q4ZTA7_m3	LWSTFDASVWEWQFVCGGGHNVYGPTETTVDCSV
unknownSpec	Q87W61_m4	RWATFDVSVWELHFICSGEHNLYGPTEAAIDVTA
unknownSpec	Q62AR2_m3	LNSSFDASTFETFLISGGELNAYGPTETTTFAAV
unknownSpec	Q7D788_m1	TTFACDMSVLDANFAVGGDAGLGGATETAVHATI
unknownSpec	Q4ZTA7_m1	LWHAFDAMAWEPFLLIGGDVNNYGPTETTVVATS
unknownSpec	Q63U38_m1	HALAFDVAIEAVTLLFGGEVNGYGPTETVISPML
unknownSpec	Q643C7_m3	IEAYFDGGVWELTLGLAGDFNIYGPSEATLSVAL
unknownSpec	Q8PKR7_m2	LNNAFDASTLEAWLIVGGDLNGYGPTETTTFATI
unknownSpec	Q5J1Q7_m3	QWSAFDISLWEHHLVCGGENHTYGPTEASIIVTH
unknownSpec	Q5YVZ9_m3	LAQAFDASVFELVVATAGEVNLYGPSESTIWATA
unknownSpec	Q70P97_m1	TDISFDLSVYDGNSMMSGDISLGGATEGSVWSIL
unknownSpec	Q56PC8_m1	SAIAFDLCLGELFLLLAGEWNGWGPAETCLFSSL
unknownSpec	Q881Q3_m5	LWHAFDAMAWEPFLLIGGDVNNYGPTETTVVASS
unknownSpec	Q9I1H0_m1	FWATFDLSVYEGNTNLAGEVNLYGPTEDTTYSTV
unknownSpec	Q740D1_m4	LSLHFDVSVWEGTQVLAGEVNGYGPTETSMCVSI
unknownSpec	Q63JT0_m2	LALAFDSLVKQVDCLVGGEYNVYGPTECTVDATL
unknownSpec	Q7N1E2_m1	FSMTFDIAVLELQAISGGEWNMYGPTETTVWSTI
unknownSpec	O30915_m1	LACHFDFSVWEGSQVFGGEVNMYGITETTVHVTV
unknownSpec	Q70LM4_m1	LALTFDVSVSEMSMIVGGEFNCYGPTEATVCSTM
unknownSpec	Q52Z73_m3	CHQAFDVSVHNATIIIGGEVNIYGPAECHISTIN
unknownSpec	Q9AG79_m1	RWLTFDPALCERDLLAGAELNGWGATEVCVDVTS
unknownSpec	Q7RY33_m1	AGQSVDICVSETYMCFRTRILAYGP--------H
unknownSpec	Q529N3_m2	NAAAFDVSTVEACLVFAGEYNWYGPAEASVATCC
unknownSpec	Q7N7D7_m1	LFQAFDISVWQTELISTGELNAYGPAECTDDVTQ
unknownSpec	Q5IK33_m1	LSHSFDGAFWDMALVNVGEVNAYGPTESTVSATM
unknownSpec	Q7N5R5_m1	LSTHFDFAVWEGNQIFGGEVNMYGITETTVHVTY
unknownSpec	Q7N3P5_m12	LATHFDFSVWEGNQIFGGEVNMYGITETTVHVTY
unknownSpec	Q4ZV22_m1	FLGAFDGFVEQPDLHVGGELNTYGPTEATVVSSI
unknownSpec	Q51XM7_m4	LPMCFDVSVMETFLILGGEINGYGPTECAISAAV
unknownSpec	Q6WZA7_m1	LWVAFDASVQQSDSLLAGEFNIYGPTEVTVDATA
unknownSpec	Q6RKJ5_m1	NGFAFDASLLQAQAWFGGEYTSYGPTEGTISAMK
unknownSpec	Q6ZZJ3_m1	LDAAFDPSLYEVHLGTGGDRNTYGPTETTLCATW
unknownSpec	Q63JT2_m2	LATHFDFSVWEGNQIFGGEVNMYGITETTVHVTY
unknownSpec	Q7N3P5_m5	LAQAFDASVSETFLIFAGEFNDYGPTEITVCATS
unknownSpec	Q740D1_m2	WAQAFDASVGELILVAVGEFNGYGPSETTIWVTC
unknownSpec	Q70KJ7_m3	LWHAFDASIWEPFLLVGGDINNYGPTENTVVATS
unknownSpec	Q8G983_m2	LWATFDLSVFELNTNLAGEYNLYGPSEDTSYSTF
unknownSpec	Q8KSQ0_m2	LANAFNTSWEGFDLMLGGEFNYYGPTETAVDAAS
unknownSpec	Q5YPK6_m1	QWMTFDVSLWGLDFFVIGEHNLYGPTEAAVSVTY
unknownSpec	Q5IK34_m1	LTQSFDASFWEMTLVVAGEVNAYGPTESTVCATM
unknownSpec	Q9EWP5_m1	TAMSFDLATWDTQCLLGGDVALGGMTEAAVHSTV
unknownSpec	Q63BJ5_m2	LATHFDFSVWEGNQVFGGEINMYGITETTVHVSY
unknownSpec	Q63BJ5_m1	FAMTFDISALELQALVGGETNLYGPTETTIWSTV
unknownSpec	Q5D6D0_m1	SRHGFIVSTFETIFVLAGEISIYGTSECSVCITG
unknownSpec	Q65NK4_m3	LWHAFDASVWEPFLLTGGDVNNYGPTENTVVATS
unknownSpec	Q4ZT69_m5	FWATFDLAVYEGNTNVAGECNLYGPSETTTYSSW
unknownSpec	Q8FGC5_m1	YFASFDLTITTAKLVVGGEYNEYGPTEATVGCMI
unknownSpec	Q4ZT69_m3	LNNSFDASTLDAWMIVGGDLNGYGPTEATTFSAT
unknownSpec	Q7N2F7_m2	LNNAFDASTFEAWLIFGGDLQAYGPSEGTTFTTM
unknownSpec	Q5DIU1_m1	HWMTFDASVWELQMCCGGEVNLYGPTEATIDACC
unknownSpec	Q70LM5_m2	LNTSFDAATFEGWLLVGGDINGYGPTENTTFTCC
unknownSpec	Q4ZQ18_m4	LNNAFDASTWESWLLVGGDINGYGPTETTTFAST
unknownSpec	Q8GGS2_m1	RGMAFDVAVWELHFLSGGEVNQYGPTETVIDVTS
unknownSpec	Q5XF88_m1	IAISFDVSLMQSFAMAAGEFNVYGPTETCMSSNV
unknownSpec	Q7N3P5_m14	LNNAFDASTFEAWLIVGGDLNGYGPSEGTTFTTT
unknownSpec	Q5AR36_m1	GAQAFDVSILETFLFLGGEANGYGPTECSIAATA
unknownSpec	Q6LGA3_m1	LDHMFDAGNMTLICAIGGEFNMYGPTEFTVTALV
unknownSpec	Q5MBT9_m2	LNPMFDYCANESTIYATGEYNAYGPAECSICTSF
unknownSpec	Q63CQ5_m1	FWMFFDASIIEPLMYLGAESNLYGPTESTVVASA
unknownSpec	Q7NUA1_m2	LGNAFDASTLEGWLMVGGDLNCYGPTETTTFATT
unknownSpec	Q6RKK6_m1	LPHSFDLSIDQLMCAWSGGFNHCGPTETTVTNRI
unknownSpec	Q7Z8P4_m1	SSHAFDPSLMEVMAWSMGEVNAYGPTEGAINCTY
unknownSpec	Q5MD31_m1	LFGL--------QCLVGGELNMYGPTETTIWSSF
unknownSpec	Q8CUZ9_m2	LETHFDFSVWEGNQVFGGEINMYGITETTVHVSY
unknownSpec	Q5YPK6_m4	RWGTFDVSVWEWHFFASGEHNLYGPTEAGVEVTF
unknownSpec	Q70JZ8_m1	YWASFDLTVTSTKLIVGGEFNEYGPTEAVVGCMI
unknownSpec	Q8PKR8_m1	YWASFDATVTSLKIVVGGEVNEYGPTETVVGCVA
unknownSpec	Q5AUZ6_m2	SAHAFDVSVGDTFLTLGGEILCYGPAECSVYCSA
unknownSpec	O94116_m1	SAHAFDVSVFEFELLTIGEYGMYGPTEAAIHCTL
unknownSpec	Q84BC7_m4	LAHAFDASIWELTLIVGGEFNGYGPTEATVCATI
unknownSpec	Q50E74_m2	FYSSFDLTVTSPKALVGGEFNDYGPTEATVNCVD
unknownSpec	Q6D738_m2	YWASFDATVTSLKIVVGGEINEYGPTETVVGCIT
unknownSpec	Q63LK7_m1	FSMTFDIAALELQALCGGDWNLYGPTETTIWSMV
unknownSpec	Q50JA2_m4	HWMTFDASVWEAQLCVGGEWNLYGPTEATIDALA
unknownSpec	Q84BC7_m3	LWHAFDVSFQETFLITAGEHNHYGPSESHVATSF
unknownSpec	Q87WM7_m1	FSMTFDISVLELQALCGGEWNMYGPTETTIWSAI
unknownSpec	Q4ZVI2_m1	LWCIFDASAWEWVFFSGGGHNVYGPTETTVISSV
unknownSpec	Q93H68_m1	RWMTFDVSVWEWHFFASGEINLYGPTEATVDVTH
unknownSpec	Q70LM6_m3	FWATFDLSVYEVNTNLAGEFNLYGPSEDTTYSTY
unknownSpec	Q5YPH7_m8	QWMTFDLSVWEWTLLVIGEDNLYGPTEATVSVTR
unknownSpec	Q6D739_m1	LATHFDFSVWEGNQIFGGEINMYGITEITVHATF
unknownSpec	Q8XYE7_m1	TAVSFDLAIYDGNSMLSGDAALGGATEAAIWSNW
unknownSpec	Q70KJ4_m1	LHVSFDAFTFDAFALFGGEINCYGPTEGTVFATA
unknownSpec	Q50E73_m5	FDMTFDIAALEVQAVVGGETNMYGPTETTIWSTS
unknownSpec	Q4ZT75_m6	LDNSFDASTPEGISMCGGEFNGYGPTEGTTCATS
unknownSpec	Q70JX3_m1	FGMSFDASIWQWHFFAGGEIHGYGPTEATVDAAF
unknownSpec	Q5DIP3_m3	HVSSFDGFVEQPDLHAGGELNTYGPTEATVTVTT
unknownSpec	Q83Z53_m1	LWHAFDAMAWEPFLLIGGDVNNYGPTETTVVASS
unknownSpec	Q5DIV7_m1	RWMTFDVSVWEWHFVCSGEYNLYGPTEAAIDVTH
unknownSpec	Q5YPK6_m7	RWMTFDVSVWEWHFFASGEHNLYGPTEAAVDVTY
unknownSpec	Q88F77_m1	YGLSADLGHTMGKIVLGGELNHYGPTETTVGVLT
unknownSpec	Q7TYQ7_m1	YWFAFDVSIAEGHFPIGGEHNFYGPTETVINASR
unknownSpec	Q4ZVI1_m2	LWQSFDVSFQESFLITAGEFNHYGPTETHVVSAW
unknownSpec	Q5YPH7_m5	RWMTFDVSVWEWHFFASGEHNLYGPTEAAVDVTF
unknownSpec	Q8DTJ7_m1	LDNSFDASTLEAFFIIGGDYNGYGPTENTVFTTM
unknownSpec	Q8XS40_m3	LSQAFDAAVSEMTLIVAGEINAYGPTEATVCATM
unknownSpec	Q5J1Q6_m1	RWMTFDVSVWELHFISSGEHNLYGPTEATIDVTH
unknownSpec	Q4ZT67_m2	FWATFDLAVYEANTNVAGECNLYGPSETTTYSSW
unknownSpec	Q5J1Q7_m1	RWWAFDIAVWEAHFVCGGEVHAYGPTETTITVVH
unknownSpec	Q5DIS7_m3	HATMFDGAHEGHVFCFGGDFNGYGPTETVVTPLL
unknownSpec	Q8GGQ3_m1	NSILHDMGIGGQAAMVGAEHPCYGLAEATLFVTG
unknownSpec	P97961_m1	LNSSFDISVQETMLFNVGDYNAYGPTENGI----
unknownSpec	Q5YVZ9_m5	QWLTFDVSVWEGSFLVAGEHNLYGPTEFTVHATA
unknownSpec	Q740V0_m1	LSLHFDFSVWEGTQVVAGELDAYGPTETTVCASI
unknownSpec	Q89T13_m1	SNALHGLISG-TTARSASALETYGMTEAASQIAA
unknownSpec	Q51KE6_m1	ISISFDMSQVQPTGGVGGEFNMYGPTETCMISNI
unknownSpec	Q845Y8_m1	LWHAFDAAVWEPFLLTGGDINNYGPTENTVVTTS
unknownSpec	Q8CQA8_m1	LNPGFDAATFEGWLLIGGEINGYGPTENTTFTTT
unknownSpec	Q5D6D6_m1	SAHAFDICIAETQLVLGGEINVYGPTECSIWCTS
unknownSpec	Q5BFS3_m3	FSIAFDPHLLEFSFTVGGEVNAYGPTEVTIGCTF
unknownSpec	Q9F0D8_m1	LTQSFDASFWEMTLVVAGEVNAYGPTESTVCATM
unknownSpec	Q9X579_m1	LGLAFDASVQQTDGLVGGETNVYGPTETCVDASS
unknownSpec	Q7N7D0_m1	FQKAFDASAFEGLLLVGGDNNVYGPTEGTTLVSS
unknownSpec	Q5Z1X9_m1	VVGTFDFSLMEFLMVVGGEHNVYGPTETTVIVTS
unknownSpec	Q5DIP4_m2	LATHFDFSVWEGNQVFGGEVNMYGITETTVHVTY
unknownSpec	Q5D6D7_m1	SAHAFDVSIFEFELLTIGEWAMYGPTEAAIHCTI
unknownSpec	Q9L6D0_m3	NSKAFDISVWQAESLPTGEVNAYGPAECSDDVAF
unknownSpec	Q52Z73_m1	AYQSFDLTIFNSYLVLIGEMNTYGPSECTTASTI
unknownSpec	Q5Z1X6_m4	QWETFDLSVWESHALAIGEYNLYGPTEAAVSITA
unknownSpec	Q62C03_m1	LGTHFDFSVWEGNQVFGGEVNMYGITETTVHVSY
unknownSpec	Q4ZT67_m9	FWATFDLAVYEANTNVAGECNLYGPSETTTYSSW
unknownSpec	Q7N1E1_m2	HAEASDVSVWQAQTMIIAEMNGYGPSEASDDITY
unknownSpec	Q8XYF2_m1	NFLLHDLGIMGLPCMPAAERPAYGLAEATLLVSA
unknownSpec	Q5Z1X8_m1	IEQAFDLSVFELGMVAAGEFNGYGPTETTIVTNL
unknownSpec	Q5BA85_m3	SAHAFDISLHDSFLVVGGEFNAYGPAECSIAATC
unknownSpec	Q7N4L0_m1	TDISFDLSVYDGNSLMSGDLSLGGATEASIWSIA
unknownSpec	Q7N3P5_m9	LNNAFDASTFESWLIVGGDLNGYGPSEGTTFTTT
unknownSpec	Q88F56_m3	NSKAFDISVWQAESLPTGEVNAYGPAECSDDVAF
unknownSpec	Q6Q883_m1	YQVFFDACLGVSPLFLGGEFNCYGPTETTCTSLI
unknownSpec	Q4ZTA6_m1	LWHAFDAMAWEPFLLIGGDINNYGPTEATVVATS
unknownSpec	Q7U2U9_m1	FAIASDISVEEGDLVIGGELSSYGPTEATVVATF
unknownSpec	Q4ZT68_m4	LATHFDFSVWEGNQIFGGEVNMYGITETTVHVTY
unknownSpec	Q8KSQ0_m5	FAESFDASVLEMLIVVGGDVNAYGPTESTVVTSW
unknownSpec	Q5IW60_m1	RWGTFDVSVWEWHFFCSGEHNLYGPTEAAIEVTH
unknownSpec	Q70C47_m2	WAGTFAVSVKESYLVTAGEWNNYGCTE-LNDATY
unknownSpec	Q5D6D1_m2	MHQAFDVAWDDHHINLSGEVNLYGPAETNVVTVQ
unknownSpec	Q5BA85_m5	MGHSFDISIAETILLLVGEHNAYGPAESSILTTF
unknownSpec	Q643C7_m2	YWHVFDVAVGEPYLLVIGDLNAYGPAEATVAATQ
unknownSpec	Q9AKS6_m2	LWATFDLSVWEVNTNLAGEYDLYGPSEDTTYSTF
unknownSpec	Q643C6_m1	LAQAFDAAFSEMTLVVAGEINAYGPTESTVCASM
unknownSpec	O30914_m2	YRGHFDLTVTVTKALLGGEINAYGPTELTVNCAE
unknownSpec	Q5DIU1_m3	FSMTFDIAGLELQALCGGEWNVYGPTETTIWSSC
unknownSpec	Q4ZTA6_m2	LATHFDFSVWEGNQIFGGEVNMYGITETTVHVTY
unknownSpec	Q4ZT67_m7	FWATFDLAVYEANTNVAGECNLYGPSETTTYSSW
unknownSpec	Q5V8A8_m2	MTQSFDGVVWESVLIVSGEINGYGPTETTVCATL
unknownSpec	Q87WM8_m2	RWMTFDVSVWEWHFFSSGEHNLYGPTEAAVDVSY
unknownSpec	Q99X42_m1	LRNGFDAATFEGWLLIGGEINGYGPTENTTFTTT
unknownSpec	Q7NVV9_m2	RWMTFDVSVWEWHFFCSGEHNLYGPTEAAVDVSY
unknownSpec	Q9X577_m1	YWFSFDLGYTSPKLVLGGEINHYGPTETTIGAIA
unknownSpec	Q8ZHV3_m1	TEIAFDLSVYDGNSLLSGDTTLGGATEAAIWSNA
unknownSpec	Q93LR2_m2	FWEAFDAYLREVHTVLGGEVNIYGASETTFVKHF
unknownSpec	Q9FDU0_m1	VSLAHDPSIRNLHTSVGGEVNVYGSTETCVGVSQ
unknownSpec	Q5BHH2_m3	SAYAFDAAVMEGFCVCGGEINAYGPTETSVYATF
unknownSpec	Q9RFK9_m1	TDISFDLSVYDGNSMLSGDISLGGATEASIWSII
unknownSpec	Q74QN8_m1	TDMAFDLSVFDGNSLLSGDLALGGATEAAIWSNY
unknownSpec	Q84BC7_m1	LETSFDAATFEGFLLFGGELHVYGPTENTTFSSW
unknownSpec	Q9XBC2_m1	LDPSFDASLFETYLLTGGDRNMYGPTEATMCATW
unknownSpec	Q6D738_m7	FSMTFDISILELQALCGGEWNLYGPTETTIWSTL
unknownSpec	Q70JZ9_m1	SWKYFDAFILNGSTVVGGENNEYGPTENSVVSTF
unknownSpec	Q51WG7_m1	EFSSFDMSLTQSGAVCGGEFNAYGPTETTCSATR
unknownSpec	Q73YT5_m1	LSLHFDISGWEGCQLVGGEINEYGPTETTMWVAL
unknownSpec	Q70JX4_m1	LHQAFDVCYQESFFITAGEHNHYGPSETHVVSTY
unknownSpec	Q4ZV20_m1	LATHFDFSVWEGNQIFGGEINMYGITETTVHVSY
unknownSpec	Q87W61_m1	LWHAFDACAWEPFLLIGGDINNYGPTETTVVATS
unknownSpec	Q5BDY8_m1	CAY---------CLLLVGELNGYGPTEAAVCAAI
unknownSpec	Q84BC8_m3	HWMTFDASVWEAQLFCGGEHNLYGPTEACIDATF
unknownSpec	Q63KU5_m1	YWHAFDLGIGDRDFVCGADLGSYGVTEAAIDSSY
unknownSpec	Q8YTR9_m1	FAMTFDIAALELQALCGGEWNLYGPTETTIWSAA
unknownSpec	Q8RTG4_m2	FWEAFDAYLREVHTVLGGEVNIYGASETTFVKHF
unknownSpec	Q4ZVR9_m1	LALAFDVFMSDREFTCGADVSVYGVTEATCESAT
unknownSpec	Q7BQ70_m1	LHQHFDMSVWEGNQTFGGEVNMYGITETTVHVTY
unknownSpec	Q6D739_m6	RWMTFDVSVWEWHFICSGEHNLYGPTEAAIDVTF
unknownSpec	Q7N2F0_m3	RGFAFDVSVEELSLIIGGELNAYGPTENTVTATC
unknownSpec	Q7WRJ5_m1	NRTGFDVSVWEWCFFSGAEHNLYGPTETAVDATC
unknownSpec	Q881Q3_m2	LATHFDFSVWEGNQIFGGEVNMYGITETTVHVTY
unknownSpec	Q63CQ5_m2	HWQIFDGHTAEPTFFIVAEYHFYGPSEATVTTVA
unknownSpec	Q5YPK6_m6	FEQAFDASILELFIVAGGEHNGYGPTETTIMTNI
unknownSpec	Q7N239_m4	LDKAFDAGVWEMCLILGGEFNAYGPTEITVCATS
unknownSpec	Q6LGA1_m1	FAGAFDASIEEVDLIIGGEFNTYGPTESTVVATS
unknownSpec	Q881Q3_m3	LNNSFDASTMEGFLISGGELNGYGPTETTTFATA
unknownSpec	Q5D6D8_m2	MHDAFDGSSWETFFLVAGDANAYGPTENSVMSTL
unknownSpec	Q93JN5_m1	HNTLSDGGHERNSISFGGEINGYGPTETIMTPMV
unknownSpec	Q5MP00_m1	FSMTFDIAGLELQALCGGEWNLYGPTETTIWSAV
unknownSpec	Q63UA4_m6	MDLTFDVFIQDWQFICGAAANHYGPTEVTVDASR
unknownSpec	Q9XCF3_m1	LSLHFDFSVWEGTQVVAGELDAYGPTETTVCASI
unknownSpec	Q88Z03_m1	HSYVFSVATTQGQCAVAGEVNVYGQSEFHAGTTN
unknownSpec	Q6J228_m1	HGFAFDMSLTQLFMSLAGECNGYGPTEITIIATC
unknownSpec	Q73XY7_m1	YDHWFDAAWQPADTALGGEYNCYGPTETTVEAVV
unknownSpec	Q4ZQ18_m2	RWATFDVSVWELHFFCSGEHNLYGPTEAAVDVTY
unknownSpec	Q7N2F7_m5	QSLCFDVCASECAICIGGEANCYGPTEATITTTT
unknownSpec	Q4ZV34_m1	RWMAFDVSVWEWHFFSGGEHNRYGPTETAINVTH
unknownSpec	Q7N1E4_m2	RGWAVDIFLGDKDFLVGSEFNIYGQTESVIDASY
unknownSpec	Q9AKS6_m1	LATHFDFSVWEGNQVFGGEINMYGITETTVHVTY
unknownSpec	Q6GCU7_m1	LQNGFDAATFEGWLLIGGEINGYGPTENTTFTTT
unknownSpec	Q6VT93_m1	HVIAVDAALEQPDLISGGEVNAYGPTETTITSTV
unknownSpec	Q63CQ7_m2	YSFAFDMFIEEPSCISGGEYNTYGPTETTVCCSY
unknownSpec	Q4ZT75_m3	YDANFDLSVEEPHLNVTGDINTYGPTEATVSCTA
unknownSpec	Q93H58_m1	LRGHFDVSVWEGNQVFAGEVNMYGITETTVHTTY
unknownSpec	Q5D6D7_m3	TSSAFDMCYYDLDLYCIGEVNSYGPTEAAFCTTI
unknownSpec	Q4ZT75_m4	YDANFDLSVEEPHLNVTGDINTYGPTEATVSCTA
unknownSpec	Q57RY6_m1	RWMTFDVSVWEWHFFCSGEHNLYGPTEAAVDVSW
unknownSpec	Q5AUZ6_m4	SYQSFDASLMETMLVTGGEKGVYGPTETSMICIT
unknownSpec	Q872S0_m1	GPRAFDVSIDCCHMGLGGEIVAYGPSECTVGCTV
unknownSpec	Q5B7I4_m2	ATHAFDAVLQDTNLILAGELNVYGPTECSINSTC
unknownSpec	Q8VQF8_m1	LSQAFDNSVAEPDLAAGGELNTYGPTETTVNATS
unknownSpec	Q01135_m2	FWNAFDVSISDGDLQLGGEVNVYGPAECSVTCSY
unknownSpec	Q18559_m1	FSAVFDVSVSNGFLTIGGEIQIYGPTETCIWSLT
unknownSpec	Q5BA85_m1	SHMSFDISIQDTGLVLLGEYNAYGPSECSMQASI
unknownSpec	Q9AIT3_m2	WAGTFAVSVKESYLVTAGEWNNYGCTE-LNDATY
unknownSpec	Q7CT15_m1	QSMTFDISVLEWQALCGGEWNVYGPTETTIWAGA
unknownSpec	O69825_m1	GWLTITNLVREWMVFCSSDFNVYGLTEA-LYSTY
unknownSpec	Q8G8C7_m1	FSITFDIFGLEVQALCGGEWNLYGPTETTIWSAR
unknownSpec	Q9HYR8_m2	YWQAFDMAFQESLLVSSGEENQYGPTETHQVTYH
unknownSpec	Q62AQ9_m1	RWMTFDVSVWEWHFMCSGEHNLYGPTEAAVDVTA
unknownSpec	Q5BA09_m3	LALSFDFSIEQLSGTAAGEYNAYGITETTVYNIV
unknownSpec	Q5IRA4_m1	LNTGFDAATFEGWVLIGGDINGYGPTENTTFSTS
unknownSpec	Q4ZV19_m2	RWMTFDVSVWEWHFVCSGEYNLYGPTEAAIDVTH
unknownSpec	Q70JX4_m2	FSLTFDASIWEWHFFAGGETNSYGPTEATVEAAY
unknownSpec	Q70LM7_m2	VGMTFDISVAEGNFLACGEENIYGPTEATIYASR
unknownSpec	Q7CT27_m2	FWCTFDLSIFEANTCLAGEYNLYGPSEDTTYSTV
unknownSpec	O43103_m3	ASWAFDVCLIEMDLMSGGDINAWGPTEATIGNTL
unknownSpec	Q4ZT68_m2	FWATFDLAVYEANTNVAGECNLYGPSETTTYSSW
unknownSpec	Q8KSQ0_m4	LATHFDFSVWEGNQIFGGEINMYGITETTVHVTY
unknownSpec	Q6D738_m4	LALAFDACVFETLLILGGEFNAYGPTEITVCATL
unknownSpec	Q8YTR4_m1	YWASFDATITSTKLIIGGEINEYGPTETVVGCCI
unknownSpec	Q9AMR5_m1	SGIAFDVSCQEIFLYTAGEINQYGSTEISVISEH
unknownSpec	Q81DB8_m1	LSTHFDFSVWEGNQIFGGEINMYGITETTVHVTY
unknownSpec	Q9I179_m2	HAAAFDAAAEQVDLILGGEFNAYGPTEAVITPLA
unknownSpec	Q63UA4_m2	LWHAFDAAVWEPFMLTGGDINAYGPTENTVVTTS
unknownSpec	Q8XS40_m1	NAMLHDFGIGGQGAASGAEFNAYGMAEATLLIAF
unknownSpec	Q5BFS3_m1	SSHAFDPSLMEVMAWSMGEVNAYGPTEGAINCTY
unknownSpec	Q70JZ9_m3	LDQAFDVCYQESFFITAGEHNHYGPSETHVVSTY
unknownSpec	Q8FGF3_m1	TDISFDLSVYDGNSMLSGDIAMGGATEASIWSNA
unknownSpec	Q88F78_m2	NSKAFDISVWQTECLTTGEVNAYGPAECSDDVAL
unknownSpec	Q8YTR8_m2	TDISFDLSVYDGNTLLSGDISLGGATEASIWSIF
unknownSpec	Q5D6D6_m3	SYQAFDACILETLLVLGGEINAYGPTECCVSCVA
unknownSpec	Q4ZVI3_m1	VAWAFDVFSADRDFVCGSDVQAYGVTEASIDSTC
unknownSpec	Q5D0R0_m1	SPRAFDVSIDSLGLGLGGEIIGYGPCECTIGCTV
unknownSpec	Q7WRX9_m1	RWMTFDVSVWEWHFICSGEHNLYGPTEAAIDVTF
unknownSpec	O31782_m1	TFLTFDVSISEGNFMVAGEENIYGPTEASIYAAY
unknownSpec	Q63L14_m1	YGLSADLGLTAPKIVLGGEMNHYGPTETTVGVAM
unknownSpec	Q5YPH7_m7	VTQAFDASMLELFIIIGGEFNGYGPTETTIVATV
unknownSpec	Q9K5M1_m1	LAWGFDLSVAETFLSVGGEFNAYGPTESTVAATI
unknownSpec	O94116_m3	LSFAFDVSVLEWDLITGGEFNFYGPTECTIGVTV
unknownSpec	Q840C8_m2	RWMTFDVSVWEWHFFCSGEHNLYGPTEAAVDVSY
unknownSpec	Q4ZT67_m11	YDANFDLSVEEPHLNVTGDINTYGPTEATVSCTA
unknownSpec	Q50E73_m3	FWATFDVSVVEASGALAGEANFYGPTEATVYATA
unknownSpec	Q5ZPA9_m1	LNTSFDAATFEGFVLFGGELHVYGPTENTTFSTA
unknownSpec	Q5D0R1_m1	SARAFDVSIDSLGLGLGGEVIGYGPCECTIGCTI
unknownSpec	Q4ZTA6_m4	LWHAFDAMAWEPFLLIGGDINNYGPTETTVVATS
unknownSpec	Q84BC8_m2	FAMTFDIAALELQALCGGEWNLYGPTEATIWSSI
unknownSpec	Q5D6D5_m2	SAFAFDACLIETALFLVGEGNGYGPTECACVATC
unknownSpec	Q81DB4_m3	LGLAFDVSIQQMDMLVGGEYNVYGPTECTVDATC
unknownSpec	Q8U9Q6_m1	QSMTFDISVLEWQALCGGEWNVYGPTETTIWAGA
unknownSpec	Q87W61_m2	RWATFDVSVWELHFFCSGEHNLYGPTEAAVDVTY
unknownSpec	Q7A813_m2	LAWAFDASVMECSIITGGAFNAYGPSESTVITSY
unknownSpec	Q63CQ7_m1	YWGSFDLTITSLKLIVGGEINEYGPTEATIGCAF
unknownSpec	Q63MR2_m1	TDIAFDLSVYDGNSMWSGDFSLGGATEASIWSIE
unknownSpec	Q6HJ02_m2	LATHFDFSVWEGNQVFGGEINMYGITETTVHVSY
unknownSpec	Q740D1_m5	LADHFDVSVWEGSQVVAGEINAYGPTEATVYTAI
unknownSpec	Q5D0R2_m1	SARTFDVSVDSCNIGIGGEVVGYGPAECTIGCTV
unknownSpec	Q8G981_m1	NRLTFDPSVWEWGFFCGGEHNLYGPTETAVDATY
unknownSpec	Q6RKK5_m1	HGFAFDMSLTQLFMSLAGECNGYGPTEITIIATC
unknownSpec	Q6GKC7_m2	LAWAFDASVMECSIITGGAFNAYGPSESTVITSY
unknownSpec	Q51XM7_m2	TTNAFDVAIEDIDLVLGGEYNTYGPSECSVQSTC
unknownSpec	Q7N5R3_m2	NAISFDVMLGEPWIIVTGEMNGYGPTECAIVVSL
unknownSpec	Q5BDY8_m3	ACFSFDVSILEISCFTGGEYNAYGPSEATIIATA
unknownSpec	Q6GCU7_m2	LAWAFDASVMECSIITGGAFNAYGPSESTVITSY
unknownSpec	Q6A877_m1	HSKAFDVSIWQSELLVTGEINAYGPTECSDDVTH
unknownSpec	Q70JX1_m2	AAWAFDVFSGDRESVLGSDINSYGVTEATIDSSY
unknownSpec	Q9P7T1_m2	CAFAFDVSVLEFDLITGGEYNFWGPTELTIGASA
unknownSpec	Q6ZZJ6_m1	LNPAFDASLFEVHLLTGGDRHLYGPTETTLCATW
unknownSpec	Q5BHH2_m1	SAHAFDASLAESSLILAGEVNGFGPTEASVTAAI
unknownSpec	Q63U38_m2	YGMSADLGHTAGKIVTGGEINHYGPTEASVGALV
unknownSpec	Q52Z73_m5	LNTSFDASTWEAFVYIGGDVNGYGPTENTSFSTM
unknownSpec	Q9AG79_m2	LAGHFDFSVWELSQVLGGEVNGYGITETTVFTTF
unknownSpec	Q8YTR5_m2	LDCAFDASTFEGWLIAGGDINGYGPTENTTFTCC
unknownSpec	Q88F56_m2	HAVYFDAASERVGFITGGEFNAYGPTETVVMPLA
unknownSpec	Q5YPK6_m9	RWMTFDVSVWEWHFFASGEHNLYGPTEAAVDVTY
unknownSpec	Q4ZQ18_m6	RWATFDVSVWELHFLCSGEHNLYGPTEAAIDVTA
unknownSpec	Q5Z0U1_m1	LGSVFDISVEEVNVVVGGDLNGYGPTETTVTATL
unknownSpec	Q5Z1X6_m2	RWMTFDVSVWEWHFFASGEHNLYGPTEAAVDVTY
unknownSpec	Q5ZPB0_m1	LWQAFDICYQETYLITAGEHNQYGPSECHVVTSH
unknownSpec	Q5D6D4_m2	AANTFDASLEETAFTVHAERPSYGPTECSVTSAV
unknownSpec	Q93H58_m2	HWASFDLVVPNAKLVVAGEINEYGPTEASVGTTV
unknownSpec	Q884F8_m1	RWMAFDVSVWEWHFFSGGEHNRYGPTETAINVTH
unknownSpec	Q7N3P5_m4	LNNAFDASTFEAWLIVGGDLSAYGPSEGTTFTTT
unknownSpec	Q56PC8_m2	TGYSFDGSLGEGMLVLGGE--------TLFKVTG
unknownSpec	Q4ZV34_m3	NSKAFDISVWQAESLPTGEVNAYGPAECSDDVAF
unknownSpec	Q63CQ6_m1	QWHTFDGSALES--NLVAEWNLYGPTEATITSTS
unknownSpec	P14688_m3	VAWAFDVSAGDREAIVGSDVNSYGVTEAALILAI
unknownSpec	Q6RKJ3_m1	QGTSFDLMLDQLHFMSGGE---------------
unknownSpec	Q70P93_m1	LFGL--------QCLVGGELNMYGPTETTIWSSF
unknownSpec	Q63JT1_m4	YDANFDLSLEEPHLNVTGDINTYGPTEITISCSA
unknownSpec	Q93H59_m1	RWTTFDAAGWEAQVFSAGEWNTYGPTECSIDITA
unknownSpec	Q5IW58_m1	LSAAFDVSLLEMLLVMAGEFNGYGPTEATVLATI
unknownSpec	Q5YV27_m1	RWMTFDVSVWEWHFFCSGEHNLYGPTEAAVDVTY
unknownSpec	Q4ZV21_m2	LATHFDFSVWEGNQIFGGEINMYGITETTVHVSY
unknownSpec	Q70KJ6_m2	YWFSFDLGYTAPKLVLGGEINHYGPTETTIGAIA
unknownSpec	Q5DIS9_m1	HWMTFDASVWELQMCCGGEVNLYGPTEATIDACC
unknownSpec	Q8G8A6_m3	HVSSFDGFVEQPDLHAGGELNTYGPTEATVTVTT
unknownSpec	Q4ZT67_m6	RWATFDVSVWELHFLCSGEHNLYGPTEAAIDVTA
unknownSpec	Q6D9Y1_m1	LDHMFDAGNMTLILGMGGEYNMYGPTECTVTALS
unknownSpec	Q81DB7_m2	MWATFDLSVFEVNTNLAGEYNLYGPSEDTTYSTY
unknownSpec	Q7N2F0_m2	RGFAFDVSVEELSLIIGGELNAYGPTENTVTATC
unknownSpec	Q8XS39_m3	LSMTFDIAGLELQALCGGEWNVYGPTETTIWSSA
unknownSpec	Q7Z8P4_m3	FSIAFDPHLLEFSFTVGGEVNAYGPTEVTIGCTF
unknownSpec	Q882M4_m1	TDISFDLSVYDGNSMLSGDVAMGGATEAAIWSNT
unknownSpec	Q8FGB9_m2	LSFTSASFVGEPSTLCGGEVNGYGLTESGICSTY
unknownSpec	Q5YV27_m3	FELAFDAAMLDLFIMVGGELNAYGPTETTIVATL
unknownSpec	Q50E73_m1	LDHAFDTSWEGIDVMLGGEYNYYGPTEFTVDALA
unknownSpec	Q6D739_m2	LAQAFDACISETTLIFAGEINAYGPTESTVCATI
unknownSpec	Q93LR1_m2	FWEAFDAYLREVHTVLGGEVNIYGASETTFVKHF
unknownSpec	Q6D738_m6	RWMTFDVSVWEWHFICSGEHNLYGPTEAAIDVTF
unknownSpec	Q5D6D1_m1	ACQSFDAAWFNHFLLLGGETLVYGPSECTPMTMF
unknownSpec	Q6YK39_m1	RWMTFDVSVWEWHFFASGEINLYGPTEATIDVSY
unknownSpec	Q5Z1X8_m2	QWKTFDLSVWESHTLAIGEFNLYGPTEAAVSITG
unknownSpec	Q73XY5_m1	YWFAFDVSIGEGHFPIGGEYNFYGPTETVVNCTS
unknownSpec	Q7N239_m1	LNNAFDASTFEAWLIVGGDLNAYGPTEGTTFTTT
unknownSpec	Q88Z03_m4	RWMTFDVSVWEWHFFCSGEFNLYGPTEASIDVTY
unknownSpec	Q8G8C7_m3	RWMTFDVSVWEWHFVCSGEYNLYGPTEAAIDVTH
unknownSpec	Q9EWP4_m1	TDIAFDLSVYDGNSLISGDVSLGGATEGSIWSIA
unknownSpec	Q8VQF9_m1	RWATFDVSVWELHFLCSGEHNLYGPTEAAIDVTS
unknownSpec	Q62KA7_m1	HAIQFDGAHEGSYVTVGGEVNGYGPTETVITPML
unknownSpec	Q5AUZ6_m6	GHHAFDVSILETFLILGGEHNGYGPSECSVAVAS
unknownSpec	Q51QV4_m2	LDSAFDVSMWETLLILSGDYNSLGPSECCVLNVI
unknownSpec	Q5BDY8_m4	SGFAFDAAILEGFLTCGGEYGGYGPTETVVFAVV
unknownSpec	Q65NK5_m3	LWHAFDASVWEPFLLTGGDVNNYGPTENTVVATS
unknownSpec	Q50JA3_m1	LTTHFDFSVWEGNQIFGGEINMYGITETTVHVTY
unknownSpec	Q51WH5_m1	GGMCFDVSWFTLVAVAVGEINAYGPSETWMPLSH
unknownSpec	Q6N4J8_m1	FSMTFDIAVLELQALSGGEWNMYGPTETTIWSAC
unknownSpec	Q8U9P4_m2	TDISFDLSVYDGNSMMSGDISLGGATEASIWSIF
unknownSpec	Q5DIP4_m4	HAVMFDGAHERTAFCFGGDINGYGPTETVVTPLI
unknownSpec	Q7NVV9_m1	LSQAFDGALEQWDVMVGGEHNFYGPTEYTISALG
unknownSpec	Q8FGC1_m2	TDISFDLSVYDANALLSGDISLGGATECAIWSVY
unknownSpec	Q881Q3_m4	LWHAFDAMAWEPFLLIGGDINNYGPTEATVVATS
unknownSpec	Q5YPH6_m1	RWMTFDVSVWEWHFFASGEHNLYGPTEAAVDVTF
unknownSpec	Q63JT2_m5	LNSSFDASTFETFLISGGELNAYGPTETTTFAAV
unknownSpec	Q9I157_m3	NSKAFDISVWQAESLPTGEVNAYGPAECSDDVAF
unknownSpec	Q5YPH6_m4	LNTHFDFSVWEGDQIFGGEVNMYGITETTVHVSY
unknownSpec	Q7N1E2_m3	LGISFDLSFEDMNLVSSAEVNHYGPAETHVVTSK
unknownSpec	Q63MR3_m1	TAISFDLSVYDGNSLASGDHALGGATEAGIWSNL
unknownSpec	Q6XA09_m3	SAFAFDASCIESLLVSGGEINAYGPTECSVVAAT
unknownSpec	Q8VQF8_m3	FAQAFDTAVSEPDLTVGGEIDSYGPTETTVITTA
unknownSpec	Q6YK41_m1	YWASFDLTVTSTKLIVGGEFNEYGPTEAVVGCMI
unknownSpec	Q70LM4_m4	FWATFDLSVYEANTNLCGEFNLYGPTEDTVYSTH
unknownSpec	Q93LR2_m1	LWHAFDAAVWEPFLLTGGDINNYGPTENTVVTTS
unknownSpec	Q5Z1X6_m1	VVGSFDFSLMEFLMIVGGEHNVYGPTETTVIVTA
unknownSpec	Q5YPH6_m2	FEQGFDITVAEMIMVAGGEVDAYGPTEATVAVDI
unknownSpec	Q50E74_m5	FDATFDIAGLEAQALVGGETNVYGPTEATIWATA
unknownSpec	Q845Y7_m1	TYTIFDGSVWESTCIVGGEYNAYGPTEVAVETTI
unknownSpec	Q62C88_m1	YWHAFDLGIGDRDFVCGADLGSYGVTEAAIDSSY
unknownSpec	Q5AR54_m2	LEPLFDASGFEAFMYVGGDFNCYGPTENSIVSTK
unknownSpec	Q5Z0U1_m3	LAQAFDASVFEMVIAVAGELNLYGPTETTIWATA
unknownSpec	Q6RKJ7_m1	QAVSFDASLFQILAFSGGEYNAYGPTECSISCAI
unknownSpec	Q8YTS0_m1	RWMTFDVSVWEWHFICSGEHNLYGPTEAAIDVTY
unknownSpec	Q6HXY8_m2	TDISFDLSVYDGNTLHSGDVSLGGATEASIWSIY
unknownSpec	Q62AR2_m2	LAMTFDIAALELQALCGGEWNLYGPTETTVWSTV
unknownSpec	Q740V0_m2	LSLHFDVSVQEGSQVIGGEINAYGPTETTVDAVL
unknownSpec	Q5DIV8_m2	HATMFDGSHEGHVFCFGGDFNGYGPTETVVTPLL
unknownSpec	O87314_m4	RCLTFDTSVWEWDFTVGGEHNLYGPTEAAVDVLG
unknownSpec	Q5YPK6_m3	RWMTFDVSVWEWHFFASGEHNLYGPTEAAVDVTY
unknownSpec	Q5ZPA9_m2	LEPAFDASTFEGWLLAGGDINGYGPTESCTFTCC
unknownSpec	Q7Z8U6_m1	SPRAFDVSIDSLGIGLGGEVIGYGPCECTIGCTV
unknownSpec	Q4ZTA7_m2	LWHAFDAMAWEPFLLIGGDINNYGPTETTVVATS
unknownSpec	Q7N3P5_m2	FWATFDLSIFEVNSNLAGECNLYGPSETTTYSAW
unknownSpec	Q8FGC1_m1	LDMTFDISFLELQALAGGEWNLYGPTETTIWSLK
unknownSpec	Q83Y48_m2	TAFFFDGVCGEPQIISAGELNGYGPTETTVYASA
unknownSpec	Q93H11_m1	FGAAFDTSLEELDLVIGGELNTYGPTEATVVATV
unknownSpec	Q7S6D3_m3	CAFAFDVSVLEWDLITGGEYNFYGPTEATIGVTV
unknownSpec	Q9XCF2_m1	FTLHFDVSVWEGSQVVAGEINAYGPTEATVYAAM
unknownSpec	Q5D6D5_m4	NAISFDASVLEVFMTVGGELNVYGPTECCIFALT
unknownSpec	Q666G2_m1	TDMAFDLSVFDGNSLLSGDLALGGATEAAIWSNY
unknownSpec	Q50E73_m6	RWMTFDVSVWEWHFICSGEHNLYGPTEAAVDVTH
unknownSpec	P14688_m1	LFTTLTCVTKKSSFITAGEHNHYGPSETHVVTTY
unknownSpec	Q5HJJ4_m1	LQNGFDAATFEGWLLIGGEINGYGPTENTTFTTT
unknownSpec	Q9AMR5_m3	LAQAFDASAWEMTLILAGEVNAYGPTEATVCATI
unknownSpec	Q5B489_m1	STRAFDVSVDETLLQTGGEFNVYGPTEASVACVI
unknownSpec	Q52US9_m2	SVLSFDVSVLDYFLISIGELNTYGPAESTIIATY
unknownSpec	Q56PC8_m3	VRQSFDACIIETILILVGEHNGYGPAEACVTSTN
unknownSpec	Q5YPK6_m11	QWMTFDVSLWGMDFFVIGEHNLYGPTEAAVSVTY
unknownSpec	Q6LRJ7_m1	TDISFDLSVYDGNSMLSGDSAMGGATEAAIWSNE
unknownSpec	Q65NK4_m1	LNAGFDASTFEGWLIIGGDWNGYGPTENTTFSTC
unknownSpec	O54504_m1	LWHAFDAAVWEPFLLTGGDINNYGPTENSVVTTS
unknownSpec	Q5Z1X7_m1	FEQAFDASVLELFIVAGGEYNGYGPTETTIMTNI
unknownSpec	Q8KSQ1_m1	FAESFDASVLEMLIVVAGDVNAYGPTESTVVTSW
unknownSpec	Q847C7_m1	LATHFDFSVWEGNQIFGGEVNMYGITETTVHVTY
unknownSpec	Q63JT1_m1	QALSFDASVEEADLVIGGEFNTYGPTETTVSVTV
unknownSpec	Q63JT0_m1	RWMTFDVSVWEWHFMCSGEHNLYGPTEAAVDVTA
unknownSpec	Q740D1_m3	LDLHFDFSVWEGTQVIGAEVNVYGPTETTMWACK
unknownSpec	Q8GGR4_m1	RGMTADTSMWEVFFISAGEVNSYGPTETTINIAE
unknownSpec	Q63JT1_m2	LATHFDFSVWEGNQIFGGEVNMYGITETTVHVTY
unknownSpec	Q70LM4_m2	LWHAFDASVWEPFLLTGGDVNQYGPTENTVVATA
unknownSpec	Q5DIU0_m1	RWMTFDVSVWEWHFVCSGEYNLYGPTEAAIDVTH
unknownSpec	Q7NUA0_m2	RWATFDVSVWELHFLCSGEHNLYGPTEAAIDVTA
unknownSpec	Q50JA2_m2	LWHATGASLQESFLITAGERSQYTLAEASVAAAH
unknownSpec	Q9UVN5_m2	SALSFDACVLEAVLVLTGEANGYGPAECSNICTV
unknownSpec	Q6Q883_m2	LFPLFDCCVNEAMCALAGELNVYSPSECTISTVY
unknownSpec	Q93TX2_m1	FWATFDLSVFETNTNLAGEFNLYGPSETTTYSTF
unknownSpec	Q6E7J8_m1	RWMTFVDHVAESVLFCSGEFNLYGSSEVAADVTC
unknownSpec	Q881Q4_m1	LWHAFDAMAWEPFLLIGGDVNNYGPTETTVVATS
unknownSpec	Q70KJ7_m1	LSLAFDASVKQADGLIGGETNVYGPTETCVDASV
unknownSpec	Q9I179_m3	RWMTFDVSVWEWHFVCSGEYNLYGPTEAAIDVTH
unknownSpec	Q6ZZJ4_m3	LAQAFDAAISEMTVIVAGEINGYGPTETTVCATM
unknownSpec	Q5PMD5_m1	RWMTFDVSVWEWHFFCSGEHNLYGPTEAAVDVSW
unknownSpec	Q70P96_m1	TDMSFDLSVYDGNSLMSGDVSLGGATEASIWSIL
unknownSpec	Q5DIP3_m1	RWMTFDVSVWEWHFVCSGEYNLYGPTEAAIDVTH
unknownSpec	Q65NK5_m1	LGLAFDASVQQTDGLVGGETNVYGPTETCVDASS
unknownSpec	Q881Q4_m3	LWSTFDASVWEWQFVCGGGHNVYGPTETTVDCSV
unknownSpec	Q70JX2_m1	TWRFFDGSLTSTLITFAGELNEYGPTENSVATTI
unknownSpec	Q8XS40_m5	LWYSFDLTQKNGNLVLGGEINSYGPTECSDVVAW
unknownSpec	Q8DTJ6_m1	LFQAFDVASQESFLIVAGEYNHYGPSETHVVSID
unknownSpec	Q5JCM0_m1	LWATFDLSIFEANTNLAGEVNLYGPTETTTYSTA
unknownSpec	Q88F79_m3	HAIMFDGAHERTAFCFGGDINGYGPTETVVTPTI
unknownSpec	Q9RFK5_m1	YQML-DLGVDECQCLIGGELNMYGPTETTIWSSF
unknownSpec	O69146_m2	LALSFDASVKQADGLIGGETNVYGPTEATVDATA
unknownSpec	Q5YPH7_m2	QWMTFDVSLWGLDFFVIGEHNLYGPTEAAVSITY
unknownSpec	Q63JT2_m3	LALAFDSLVKQVDCLVGGEYNVYGPTECTVDATL
unknownSpec	Q70C47_m1	QAGSFGLH-FGAAAVCGGEMPHFGLSETGALSTL
unknownSpec	Q70JX1_m1	FGMSFDASIWQWHFFAGGEIHGYGPTEATVDAAF
unknownSpec	Q73TH8_m2	TDVSFDLSVYDGNSFLSGDVAMGGATEAAIWSNE
unknownSpec	Q6YK40_m1	SWKYFDAFILNGSTVVGGENNEYGPTENSVVSTF
unknownSpec	Q5DIV9_m2	LATHFDFSVWEGNQIFGGEVNMYGITETTVHVTY
unknownSpec	Q70LM5_m6	LWHAFDAAVWEPFLLTGGDVNQYGPTENAVVATA
unknownSpec	Q8DTJ5_m2	RWMTFDVSIWEGHFFSSGEINLYGPTETAIEVTY
unknownSpec	Q9I181_m1	HATMFDGSHEGHVFCFGGDFNGYGPTETVVTPLL
unknownSpec	Q5DIU0_m3	HATMFDGAHEGHVFCFGGDFNGYGPTETVVTPLL
unknownSpec	Q8FGC2_m1	TDISFDLSVYDANALLSGDISLGGATECAIWSVY
unknownSpec	O85020_m1	RWASFIDGTTEALAIVSGEVNSYGSSEVAGDVLA
unknownSpec	Q9C1C5_m1	VRQSFDACIIETILILVGEHNGYGPAEACVTSTN
unknownSpec	Q6YK40_m4	LGLAFDASVKQADGLIGGETNVYGPTETCVDASV
unknownSpec	Q7N3P5_m7	LNNAFDASTFEAWLIVGGDLNGYGPSEGTTFTTT
unknownSpec	Q7N3P5_m10	LEKAFDAGVWEMCLILGGEFNAYGPTEITVCATT
unknownSpec	Q8FGB1_m1	LGDCFDVSVFESWFTVGGETNGYGPTENTIFTTA
unknownSpec	Q5Z1X7_m3	HWFTFDMSVWDVPFWLAGEDNLYGPTETAVVTMT
unknownSpec	Q8XS39_m1	LNNSFDASTLDVWMMVGGDLNGYGPTETTTFATT
unknownSpec	Q8RTG3_m1	TYNTFDVSVWESTCIVGGEYNAYGPTEVAVDATV
unknownSpec	Q884F8_m3	NSKAFDISVWQAESLPTGEVNAYGPAECSDDVAF
unknownSpec	Q4ZT67_m4	LATHFDFSVWEGNQIFGGEVNMYGITETTVHVTY
unknownSpec	Q7N849_m1	LSQAFDAMILEMVLLLAGEFNVYGPTECTSIVTT
unknownSpec	Q87WM7_m2	LWQSFDVSFDESFIVCGGEHNQYGPTESHFVTGY
unknownSpec	Q9X578_m1	LGLAFDASVQQTDGLVGGETNVYGPTETCVDASS
unknownSpec	Q9RNB0_m2	FWEAFDAYLREVHTVLGGEVNIYGASETTFVKHF
unknownSpec	Q5Z1S9_m1	YDHWFDASWQPGDTALGGEYNCYGPTETTVEAVV
unknownSpec	Q51QV4_m3	IDSCFDVSVQETILISVADLNGYGPTENGMLSTI
unknownSpec	Q5DIV7_m3	RWMTFDVSVWEWHFVCSGEYNLYGPTEAAIDVTH
unknownSpec	Q63SU2_m1	LVMTFDVSVPEGNFFVVGEYNMYGPTETTVFATG
unknownSpec	Q5DIV7_m2	HAAAFDAAAEQVDLILGGEFNAYGPTEAVITPLA
unknownSpec	Q5JCL9_m1	TAFTFDISLLELQALCGGEWNLYGPTETTIWSTA
unknownSpec	Q7N1E4_m3	YAVAFDIFIEELSVIVGGEFNTYGPTETTIVATA
unknownSpec	P94904_m1	YWASFDATVTSLKIVVGGEVNEYGPTETVVGCVV
unknownSpec	Q5Z1X9_m2	QWMTFDVSLWGMDFFVIGEHNLYGPTEAAVSVTY
unknownSpec	Q65NK3_m1	VETSFDGFTFDGFVLFGGEIHVYGPTETTVFATF
unknownSpec	Q4ZT75_m5	VAWAFDVFSADRDFVCGSDVQAYGVTEASIDSTC
unknownSpec	Q9P7T1_m1	SSHAFDVSVFEGELITIGEVNAYGPTEAAIHVTL
unknownSpec	Q5V8A8_m1	FDRSFDISNYEVFLWIGGEVNGYGPTETTTYVTL
unknownSpec	Q847C8_m1	NRTTFDVSVWEWNFFCGGEYNFYGPTETAVDATT
unknownSpec	Q847C7_m2	FWEAFDAYLREVHTVLGGEVNIYGASETTFVKHF
unknownSpec	Q8DTJ7_m2	TDISFDLSVYDGNSILSGDFSAGGATEGSIWSIY
unknownSpec	Q89T13_m2	HSLAFVISVWQAEIISTGEINAYGASECSDDVSL
unknownSpec	Q5YPK6_m12	QWKTFDLSVWESHVLAIGEYNLYGPTEAAVSITS
unknownSpec	Q70LM5_m3	LALTFDVSVSEMSMIVGGEFNCYGPTEATVCSTM
unknownSpec	Q50E74_m3	YRGHFDLTVTVTKALLGGEINAYGPTELTVNCAE
unknownSpec	Q50858_m2	NWRHFDPSVWAWGALSGAEANLYGPTETTIDATA
unknownSpec	Q01135_m1	GAQAFDVSLLETFLILGGEGNGYGPSECSVAAAG
unknownSpec	Q70K00_m1	RWMTFDVSVWEWHFFASGEINLYGPTEATIDVSY
unknownSpec	Q83Z53_m3	RWMTFDVSVWEWHFLCSGE---------TVELHE
unknownSpec	Q7S6D3_m2	NVLCFDVSVFEFSMVTAGEWQGYGPSETTNICSV
unknownSpec	Q8G982_m2	FWEAFDPYLREVHTVLGGEVNIYGASETTFIKHF
unknownSpec	O69146_m1	LYFAFDAACWEQALVTAGSYNGYGPTENSVATSI
unknownSpec	Q8XYF2_m2	TDISFDLSVYDGNSFLSGDIAMGGATEASIWSNW
unknownSpec	Q44103_m1	LSGHFDWTVWEGCQMLGGECNLYGITETTVHVTT
unknownSpec	Q8KSQ0_m3	LNHAFDTSWEGLDATLGGEHNFYGPTETTVDAVS
unknownSpec	Q50E73_m2	YRGSFDLTVTVTKVLVGGEVNAYGPTELTVNCAE
unknownSpec	Q6D738_m5	LGLAFDASVKNIDCLIGGEINVYGPTECTVDATA
unknownSpec	Q8XS40_m4	RWATFDVSVWEWHFLCSGEHNLYGPTEAAIDVTA
unknownSpec	Q8YTR8_m1	LWATFDLSVFEVNTNLAGEYNLYGPSEDTTYSTY
unknownSpec	Q4ZT67_m10	YDANFDLSVEEPHLNVTGDINTYGPTEATVSCTA
unknownSpec	Q9XBC2_m2	LAHAFDTIVSEMKAVAAGEINAYGPTETTICATV
unknownSpec	Q4ZT67_m8	LATHFDFSVWEGNQIFGGEVNMYGITETTVHVTY
unknownSpec	Q5AUZ6_m1	SGHAFDLSVGENLLSTGGENNMYGPAETTILCAG
unknownSpec	Q50E73_m4	YRGSFDLTVTVTKVLVGGEVNAYGPTELTVNCAE
unknownSpec	Q63JT0_m3	RWMTFDVSVWEWHFMCSGEHNLYGPTEAAVDVTA
unknownSpec	Q5YPH7_m6	QWMTFDVSLWGLDFFVIGEHNLYGPTEAAVSITH
unknownSpec	Q83Z53_m2	LNDSFDASTLEGFLISGGEVNGYGPTETTTFAVT
unknownSpec	Q5D6D7_m2	NYLCFDVSVFEFSLVTAGEYQGYGPSETTNICTV
unknownSpec	Q7N4L1_m1	TDISFDLSVYDGNSMLSGDSAMGGATEAAIWSNE
unknownSpec	Q5J1Q7_m2	HWACFDVLVEEPNLVIGGQVNAYGPTEMTIGATA
unknownSpec	Q6D739_m4	LGQAFDVCMQEMLIVVGGEFNAYGPTETTVCATL
unknownSpec	Q70LM6_m1	IALTFDVSVAEGNFFAAGEENIYGPTESTIYATK
unknownSpec	Q8GGQ3_m2	RWMTFDVSGWEWHFVCSGEHNLYGPTEAAIDVTA
unknownSpec	Q7N1E2_m2	LGLAFDMSIEEGNLSVGGEVNAYGPTEYTVNTCI
unknownSpec	Q738J2_m2	LATHFDFSVWEGNQVFGGEINMYGITETTVHVSY
unknownSpec	Q70C47_m3	RDSSAELANTEQYLVVHGAFAAYGNAEFGAEILS
unknownSpec	Q70JZ9_m4	LGLAFDASVKQADGLIGGETNVYGPTETCVDASV
unknownSpec	Q7N1E1_m3	MWATFDLSVFELNTNLVGEYNLYGLPEDTTYSTW
unknownSpec	Q9I1H3_m1	LALAFDSSIKQQDCLVGGEFNLYGPTEATVNASL
unknownSpec	Q8NYN0_m1	LQNGFDAATFEGWLLIGGEINGYGPTENTTFTTT
unknownSpec	Q5BA85_m2	SAHAFDASISDGQVILGGELNGYGPSECSIYTTC
unknownSpec	Q6XA09_m1	SAHAFDNSLEETDLCLGAEVGMYGPSEASINSAF
unknownSpec	Q63UA4_m1	NMILHDMGLMTQVAVNGSERPSYGLAEATLLVTG
unknownSpec	Q5D6D6_m2	LDNTFDVSTWEAFMCVGGEVNGYGPTENTTFSTI
unknownSpec	Q7N3P5_m13	LDKAFDASVWEVCLILGGEFNAYGPTEITVCATT
unknownSpec	Q63KU5_m2	NAMVFDVVLGEPWIIVAGELNGYGPTEAAIVVSL
unknownSpec	Q5D6D8_m1	SSHAFDACIAETQLVLGGEINAYGPTECAVWCTS
unknownSpec	Q9FB33_m1	LALAFDASMEQSDTMVGGEFNLYGPTEATVDATC
unknownSpec	Q63JT2_m1	LATHFDFSVWEGNQIFGGEVNMYGITETTVHVTY
unknownSpec	Q52Z73_m4	AYQSFDGAHFNTFLILGGEFTLYGTSECTPVSMI
unknownSpec	Q70C52_m2	WALTFAISVKEAYTFVSIEWYIYGCTEINDMTYC
unknownSpec	Q5YPK6_m5	LNTHFDFSVWEGNQVFGGEVNMYGITETTVHVSY
unknownSpec	Q93H69_m1	LGIGFDASVWEGLFLVGGDVNAYGPTENAVISTC
unknownSpec	Q9XCF2_m2	LSLHFDVSVHEGSQVVAGEINAYGPTEATVYAAM
unknownSpec	Q5MD34_m1	TDMSFDLSVYDGNSLMSGDVSLGGATEASIWSIL
unknownSpec	Q643C7_m1	LSTHFDVSVWEGNQVFAGEVNMYGITETTVHSSF
unknownSpec	Q93H42_m1	FAYPFDMSQGETGLMGGAEVNLYGPTEAAIACTE
unknownSpec	Q4ZQ18_m5	RWMTFLDSVTEMVLVCSGELNFYGSSEAAGDSTF
unknownSpec	Q8G986_m1	VSLAHDPSIRNLHTSVGGEVNVYGSTETCVGVSQ
unknownSpec	O52048_m1	LWATFDVSVFDVNALCAGEANLYGPTETTVFVTA
unknownSpec	Q99X42_m2	LAWAFDASVMECSIITGGAFNAYGPSESTVITSY
unknownSpec	Q6D739_m5	SARSFDSALASGLCIVAGEYNEYGPTEAAVWASV
unknownSpec	Q63L34_m1	FAMTFDISLLELQGLCGGEWQVYGPTEATIWSTI
unknownSpec	Q5YVZ9_m2	LAQAFDACVSELIIAVVGELNHYGPTETTIWATG
unknownSpec	Q8KSQ0_m1	LNHAFDTSWEGLDLMLGGEYNFYGPTETTVDAVS
unknownSpec	Q9I179_m1	RWMTFDVSVWEWHFVCSGEYNLYGPTEAAIDVTH
unknownSpec	Q6D9Y3_m1	FAAAFDASIEEADLIIGGEINTYGPTETTVVATS
unknownSpec	Q8YTR6_m1	IDLTFDIAALELQALCGGEWNLYGPTETTIWSAA
unknownSpec	Q8DTJ8_m1	FAITFDIFILEFQSLVGGEINLYGPTEATVWAFA
unknownSpec	Q9RR50_m1	VQTTHDMSVFDAVSAQGGDISLGGPTETTIWSIW
unknownSpec	Q9EWP5_m2	TDISFDLSVYDGNTLVSGDVAMGGATEAAIWSNT
unknownSpec	Q70LM6_m4	LETSFDAATFEGWLLVGGDINGYGPTENTTFTCC
unknownSpec	Q5HKK6_m1	LNPGFDAATFEGWLLIGGEINGYGPTENTTFTTT
unknownSpec	Q4ZQ18_m1	LWHAFDACVWEPFLLIGGDINNYGPTETTVVATS
unknownSpec	Q5AR36_m2	MYHSFDTSNGEILLGFVGEINSYGPAECSIMASL
unknownSpec	Q7N3P5_m15	LNNAFDASTFEAWLIVGGDLNGYGPSEGTTFTTT
unknownSpec	Q63U39_m1	HAIQFDGAHEGSYVTVGGEVNGYGPTETVITPML
unknownSpec	Q740D1_m1	LSLHFDVSVWEGTQVVVGEVNAYGPTETTMCVAI
unknownSpec	Q8RTG5_m1	RWMTFDVSVWEWHFFCSGEHNLYGPTEAAIDVTY
unknownSpec	Q7Z8P4_m2	SSLSFDVSIQDYHLTMIGEFNTYGPAEATVVSTI
unknownSpec	Q4ZVI3_m3	TDISFDLSVYDGNSMLSGDVSLGGATEASIWSIQ
unknownSpec	Q7NUA0_m1	YDANFDLSLEEPHMNVTGDINTYGPTEATVSCTA
unknownSpec	Q63UA4_m5	HAKAFDVSIWQVESVSNAEVNTYGATECSDDTSH
unknownSpec	Q63L37_m1	LWYAFDLSVFECNTNLAGEFNLYGPSEDTTYSTG
unknownSpec	Q48915_m1	TYTIFDGSVWESTCIVGGEYNAYGPTEVAVETTI
unknownSpec	Q6RKL4_m1	YVSSFDFSLDQATAFSGGEFNGYGPAETTILSHR
unknownSpec	Q4ZT69_m2	LWQAFDVAFQESYMITAGEHNHYGPTESHVVTAM
unknownSpec	Q88F79_m1	FSMTFDIAGLELQAISGGEWNLYGPTETTIWSGI
unknownSpec	Q5D6D0_m2	SCHTFDASIVEF--CLTGEVNAYGPSECCAASSK
unknownSpec	O30914_m1	FYSSFDLTVTSPKALVGGEFNDYGPTEATVNCVD
unknownSpec	Q4ZT69_m4	LWHAFDAMAWEPFLLIGGDINNYGPTEATVVATS
unknownSpec	Q7N239_m5	LEKAFDASVWEMCLILGGEFNAYGPTEITVCATC
unknownSpec	Q65NK4_m2	YWFSFDLGYTSPKLVLGGEINHYGPTETTIGAIA
unknownSpec	Q8VUE5_m1	LSHAFDSSWEPCDIMIGGEHNYYGPSEYTIDTLG
unknownSpec	Q529N3_m5	AHQVFDVSWSNQYFAMGGEIGIYGPAECAQALTF
unknownSpec	Q5D6D7_m4	AAFAFDVSVLEWDLITGGEYNGYGPTEATIGCTM
unknownSpec	Q8XS39_m5	RWFTFVDAVTEGVVVCSGELNFYGSSEVNGDATF
unknownSpec	Q4ZT75_m2	RWATFDVSVWELHFLCSGEHNLYGPTEAAIDVTA
unknownSpec	Q7N1E4_m1	FAASFDISIEEVSLIVGGEMNTYGPTETTVLASY
unknownSpec	Q70JX3_m2	LNSSFDVTTFEGWLIIGGEWNGYGPTENTTFSTY
unknownSpec	Q70LM6_m2	LWHAFDASVWEPFLLTGGDVNQYGPTENTVVATA
unknownSpec	Q6HJ02_m1	FAMTFDISALELQALVGGETNLYGPTETTIWSTV
unknownSpec	Q8XS39_m4	FWATFDLSVFEANTNVAGEYNLYGPSETTTYSSW
unknownSpec	Q96V34_m1	AHLSWDIPVTDLLLVLAGEIQGYGPAECSLVSTV
unknownSpec	Q4ZVI1_m1	LTDSFDACNFEAFMLIGGEFNAYGPTECTTFAVC
unknownSpec	Q5MD35_m1	TDISFDLSVYDGNSMMSGDISLGGATEGSVWSIL
unknownSpec	Q5D6D6_m4	LHDAFDGSSWETFILVAGDFNAYGPTENSVMSTL
unknownSpec	Q5AUZ6_m3	SHHSFDAIILETFMMLGGEIGGYGPAECCVYCCY
unknownSpec	Q70LM5_m1	LKTSFDAATFEGWLLVGGDINGYGPTENTTFTCC
unknownSpec	Q50E74_m1	LDQIFDVFVSEMSLIVGGEVNAYGPTETTVEATA
unknownSpec	Q5B7I4_m1	SAHAFDVSLSDMNLVAGGEFNSVGPSECTIIAVA
unknownSpec	Q7CT27_m1	LSMTFDIATLEMQALCGGEWNLYGPTETTIWSTC
unknownSpec	Q5NKN7_m1	YWASFDLTVTSTKLIVGGEFNEYGPTEAVVGCMI
unknownSpec	Q81DB4_m1	MWHAFDSAVQEPFAITGGDINQYGPSENTVVTTD
unknownSpec	Q01135_m3	MAEGFDVSNSETFLALGGEINSYGPSETTIWTSN
unknownSpec	Q5BA09_m2	LSLSFDHFVEQDSGDCVGEINGYGPTEISITTHK
unknownSpec	Q7N1E1_m1	FHISFDISVEEGSLILGGEINTYGPTETTVTASA
unknownSpec	Q5AZP4_m1	SPRAFDVSIDSLGLGLGGEIIGYGPCECTIGCTV
unknownSpec	Q50JA2_m3	VMQSFDVSVWEMVLLSAGEVNAYGPTEVTIICTL
unknownSpec	Q9HYR8_m1	RWMTFDVSVWEWHFFCSGEVNLYGPTEATVDVSD
unknownSpec	Q5D6D5_m1	SAHAFDNSLEETDLCLGAEFGQYGPSEASINSAF
unknownSpec	Q840C8_m1	LTHHFDSSWLQWDLLIGGEHNLYGPTEYTVDTFR
unknownSpec	Q8XQ64_m1	LPDSFDASTFEGWLLTGGDINGYGPTENTTFTCC
unknownSpec	Q70JX4_m3	TWRFFDGFVTSTIITLAGEANEYGPTENSVATTA
unknownSpec	O43103_m2	AGFSFDVHLLELCVIIGGELNAYGPSEATIGNSV
unknownSpec	O85020_m2	MNHVFDMSWEEWNVLLGGEYNLYGPTEYTINTLG
unknownSpec	Q63KU8_m1	LGTHFDFSVWEGNQVFGGEVNMYGITETTVHVSY
unknownSpec	Q5Z1X6_m5	QWATFDISTWEWHFFAAGELNWYGPAEATVVTEE
unknownSpec	Q7WRX9_m2	LWATFDLSVFEVNTNLAGEYNLYGPSEDTTYSTF
unknownSpec	Q4ZT68_m1	FWATFDLAVYEANTNVAGECNLYGPSETTTYSSW
unknownSpec	Q70LM7_m1	FWYSFDGSALDTYLITGGDYNGYGPTECTIMVTM
unknownSpec	Q5BHH2_m2	TQLSFDVSVLDGNSVTGGEINAYGPSEATIIATV
unknownSpec	Q8VQF8_m2	FSQAFDTAVSEPDLTVGGEIDTYGPTETTVSATA
unknownSpec	Q5BFS3_m2	SSLSFDVSIQDYHLTMIGEFNTYGPAEATVVSTI
unknownSpec	Q9LCU0_m1	LSIHFDFSVWEGSQVFGGEINMYGITETTVHASF
unknownSpec	Q8ZHV5_m1	TDMAFDLSVFDGNSLLSGDLALGGATEAAIWSNY
unknownSpec	Q70KJ6_m1	LHSGFDAGTFEGWLIIGGDWNGYGPTENTTFSTS
unknownSpec	Q7S6D3_m1	SAHAFDVSVFEFELLTIGEWGMYGPTEAAIHCTV
unknownSpec	Q4ZT67_m12	LDNSFDASSPEGFSECGGEFNGYGPTEATTCATR
unknownSpec	Q6E7J5_m1	LWATFDLSVFEVNTNLAGEYNLYGPSEYTTYTTF
unknownSpec	Q63UA4_m3	LWHAFDAAVWEPFALTGGEFNHYGPSENSVVATA
unknownSpec	Q7WRQ4_m1	NRTGFDVSVWEWFFFSGAEHNLYGPTEAAVDATC
unknownSpec	Q7U2U9_m2	LSLHFDASAWEGTQVVAGELNAYGPTETTICAAI
unknownSpec	Q5D0Q9_m1	GPRAFDVSIDCCHMGLGGEVIAYGPSECTVGCTI
unknownSpec	Q5DIP4_m1	FSITFDIFGLEVQALCGGEWNLYGPTETTIWSAR
unknownSpec	Q5D6D3_m1	GPRAFDVCIDSCGMALGGEVNAYGPSEATVGATI
unknownSpec	Q7DAG9_m1	FAIASDISVEEGDLVIGGELSSYGPTEATVVATF
unknownSpec	Q6DNE7_m1	TDIAFDLSVYDGNSMLSGDMSLGGATEASIWSIG
unknownSpec	Q51XM7_m3	SGHAFDACIGETFFVLGGEMNGYGPTETCVFCTT
unknownSpec	Q606X9_m1	LAIAFDICVEEPDIVVGGELNSYGPTETTVTATV
unknownSpec	Q7N3P5_m6	LDKAFDASVWEMCLILGGEFNAYGPTEITVCAAT
unknownSpec	Q5BA85_m4	SSHSFDLSLLDSVLVLAGEFNGYGPAESTILATT
unknownSpec	Q6ZZJ4_m1	LDPAFDISLFEVHLLTGGDRHLYGPTETTLCATW
unknownSpec	Q4ZTA6_m3	LNNSFDASTMEGFLLSGGELNAYGPTETTTFATA
unknownSpec	Q50EC8_m2	LTQVFDASVWDSTLTVTGDLNGYGPTEVTVGATY
unknownSpec	Q5DIU1_m2	HATMFDGAHEGHVFCFGGDFNGYGPTETVVTPLL
unknownSpec	Q5ZPA8_m1	TDLSFDLSVYDGNSMLSGDVSLGGATEASIWSIA
unknownSpec	Q52Z73_m2	VQHAFGAAINNALLIFGGEITAYGSSEVTTISTI
unknownSpec	Q8U9P3_m2	FWCTFDLSIFEANTCLAGEYNLYGPSEDTTYSTV
unknownSpec	Q7D792_m1	YDHWFDAAWQPADTALGGEFNCYGPTETTVEAVV
unknownSpec	Q5YVZ9_m4	FGQAFDASLLELFVLSGGDRVLYGPTEATIVATA
unknownSpec	Q6ZZJ6_m2	LAQAFDAMVSEMTVVVAGEVNAYGPTEATVCAAM
unknownSpec	Q6D738_m1	LGLAFDASVQNIDCLIGGDINVYGPTECTVDATA
unknownSpec	Q4ZT68_m3	LNNSFDASTLDAWMIVGGDLNGYGPTEATTFSAT
unknownSpec	Q5DIS7_m2	NSKAFDISVWQAELLSTGEMNAYGPAECSDDVSF
unknownSpec	Q4ZV20_m2	RWMTFDVSVWEWHFVCSGEYNLYGPTEAAIDVTH
unknownSpec	Q4ZVI3_m2	LWQAFDVSFQESFLITAGEHNQYGPTETHVVSQF
unknownSpec	Q9XCF3_m2	LTLHFDFSVWEGSQVFGGEINMYGITETTVHASF
unknownSpec	P40806_m1	FSMTFDIAALELQALCGGEWNMFGPTETTIWSAV
unknownSpec	Q88Z03_m3	TNHAFDVSVLEYILVVAGEFNAYGPTEVTVIGTV
unknownSpec	Q88Z03_m2	YEVFFDSSVHDRGMYCGGENNCYGPTETTVLSFA
unknownSpec	Q8NYN0_m2	LAWAFDASVMECSIITGGAFNAYGPSESTVITSY
unknownSpec	Q8VUE5_m2	RWMTFDVSVWEWHFFCSGEHNLYGPTEAAVDVTW
unknownSpec	Q6VT95_m1	FSMTFDIAGLEVQALCGGEWNLFGPTETTIWSTV
unknownSpec	Q8YTS1_m1	LHKFFDASIPEMTILVGGEINAYGPTEVTVNASM
unknownSpec	Q65E02_m2	LATHFDFSVWEGNQIFGGEINMYGITETTVHVSY
unknownSpec	Q5DIS9_m3	FSMTFDIAGLELQALCGGEWNVYGPTETTIWSSC
unknownSpec	Q8U9Q1_m1	LDKFFDASIPEMTMLVGGEINAYGPTETTVNASM
unknownSpec	Q7N2F7_m4	LNNAFDASTFEAWLIFGGDLQAYGPSEGTTFTTM
unknownSpec	Q881Q3_m1	LWHAFDAMAWEPFLLIGGDINNYGPTETTVVATS
unknownSpec	Q5BDY8_m2	RSFASDMFLQEGCLVLFGEYTFYGRTECSSTCIQ
unknownSpec	Q7NUA1_m3	VQQAFDASVWESLLLVGGEQNVYGPTETTIFVTA
unknownSpec	Q5YPK6_m8	LNTHFDFSVWECNQVFGGEVNMYGITETTVHVSF
unknownSpec	Q4ZQ18_m3	LWYSFDLTQKNGNLVLGGEINSYGPTECSDVVAW
unknownSpec	Q9F636_m1	FGAAFDASVEELDLIIGGELNTYGPTEATVVATT
unknownSpec	Q8XS40_m2	LSTHFDFSVWEGNQILGGEANMYGITETTVHVSY
unknownSpec	Q8G8A6_m1	RWMTFDVSVWEWHFVCSGEYNLYGPTEAAIDVTH
unknownSpec	Q7N239_m3	LTQAFDASVWEMCLIFAGEFNAYGPTEITVCATT
unknownSpec	Q7N2F7_m1	RGFAFDVSVEDSSLIIGGELNGYGPTENTVTVTY
unknownSpec	Q10896_m2	LSLHFDASAWEGTQVVAGELNAYGPTETTICAAI
unknownSpec	Q8CUZ9_m1	FYMTFDISVLELQALVGGETNLYGPTETTIWSTV
unknownSpec	Q666G1_m1	TEIAFDLSVYDGNSLLSGDTALGGATEAAIWSNA
unknownSpec	Q4ZVR9_m2	TAFFFDGVCGEPQIISAGELNGYGPTETTVYASA
unknownSpec	Q87WM8_m1	NLSLFGLIGAIPGGVNGAEVPAYGMAESVLLVTA
unknownSpec	Q5D6D8_m3	SGHSFDASMAETMLVLVGEINGYGPSECCIICTC
unknownSpec	Q8PKR7_m1	LWHAFDAAAWEPFLLVGGDYNNYGPTETTVVASS
unknownSpec	Q666G1_m2	TSVSFDLSVWDGNSMLSGDVAMGGATEAAIWSNY
unknownSpec	Q643C6_m2	MAWSVDLFFSDLVTMVGSEVNAYGSTETTVDSTV
